wavelength,throughput
2.3374345585481358,8.252041916138186e-09
2.3381142338961407,8.252067162430206e-09
2.33879390932838,8.252197459565678e-09
2.3394735848397064,8.252406519767978e-09
2.3401532604249797,8.252691431220386e-09
2.3408329360790603,8.25304949254367e-09
2.3415126117968135,8.253344123047752e-09
2.3421922875731065,8.253909960209747e-09
2.342871963402809,8.254502026277252e-09
2.343551639280794,8.255078806918274e-09
2.344231315201939,8.255859564525342e-09
2.3449109911611234,8.256659687503713e-09
2.3455906671532287,8.257661518664652e-09
2.3462703431731406,8.258596172920458e-09
2.346950019215748,8.259699677569778e-09
2.347686860679931,8.260872878375956e-09
2.3483665397513427,8.262025286778864e-09
2.3490462188293697,8.263188287175446e-09
2.3497258979089137,8.2644792445801e-09
2.350405576984877,8.265938772789075e-09
2.351085256052167,8.26768858158436e-09
2.3517649351056917,8.269406392738105e-09
2.352444614140365,8.27109373673083e-09
2.353124293151102,8.272955523616134e-09
2.3538039721328223,8.274922162423878e-09
2.354483651080445,8.276903984665432e-09
2.355163329988898,8.279052887134057e-09
2.3558430088531046,8.281298657503544e-09
2.3565226876679914,8.283693151277404e-09
2.3572023664284982,8.286128681397832e-09
2.3578820451295615,8.288801456985265e-09
2.3585617237661207,8.29142333609194e-09
2.359241402333117,8.294134856448477e-09
2.3599210808254973,8.296974617601148e-09
2.3606007592382094,8.299972780838288e-09
2.3612804375662044,8.303070984335056e-09
2.361960115804437,8.306345481110528e-09
2.3626397939478636,8.309556615550745e-09
2.3633194719914457,8.313073125152302e-09
2.363999149930146,8.316648864646605e-09
2.364678827758931,8.320284682181118e-09
2.36535850547277,8.32409789015577e-09
2.3660381830666335,8.328116669647308e-09
2.3667178605354993,8.332109946844775e-09
2.367397537874344,8.336253362674908e-09
2.3680772150781486,8.340712577250802e-09
2.368756892141898,8.345269806016662e-09
2.3694365690605776,8.350082967132571e-09
2.3701162458291796,8.354887937723797e-09
2.3707959224426958,8.359953237895152e-09
2.371475598896121,8.36530832920012e-09
2.372155275184457,8.370790234904913e-09
2.3728349513027025,8.376348736214146e-09
2.3735146272458647,8.382189382667536e-09
2.3741943030089505,8.388085599169967e-09
2.3748739785869697,8.394410992312793e-09
2.375553653974937,8.400836616621282e-09
2.3762333291678686,8.407485007875879e-09
2.3769130041607855,8.414238791323752e-09
2.377592678948708,8.421269461097896e-09
2.378272353526663,8.428567661484084e-09
2.3789520278896794,8.436096628827156e-09
2.379631702032787,8.44374018267771e-09
2.380311375951022,8.451754849552544e-09
2.3809910496394195,8.460083085357648e-09
2.3816707230930225,8.468554691276368e-09
2.3823503963068724,8.477236789006705e-09
2.3830300692760154,8.486307220911044e-09
2.3837097419955016,8.49560130047598e-09
2.3843894144603808,8.50513768849561e-09
2.3850690866657107,8.515026416261587e-09
2.3857487586065496,8.525111086886156e-09
2.3864284302779555,8.535652277854445e-09
2.387108101674994,8.54645018074358e-09
2.387787772792732,8.557590486618793e-09
2.388467443626238,8.568945365394096e-09
2.3892044499151517,8.580814870796994e-09
2.3898841231169414,8.592972531103555e-09
2.3905637960189763,8.605590398659486e-09
2.391243468616335,8.618460570625148e-09
2.3919231409041037,8.631777744326354e-09
2.39260281287737,8.645462875978932e-09
2.3932824845312237,8.65957062996814e-09
2.3939621558607596,8.674071054436273e-09
2.394641826861073,8.689156119854417e-09
2.3953214975272616,8.704602151518352e-09
2.39600116785443,8.720681758198986e-09
2.396680837837682,8.737208363439237e-09
2.3973605074721243,8.754179982056657e-09
2.3980401767528705,8.7716018654107e-09
2.3987198456750334,8.789398583430105e-09
2.3993995142337297,8.807983475420402e-09
2.400079182424078,8.827128942032036e-09
2.4007588502412025,8.84690068546469e-09
2.4014385176802278,8.867382678595834e-09
2.402118184736283,8.88842428384711e-09
2.402797851404498,8.909931759201396e-09
2.4034775176800096,8.932202179761273e-09
2.4041571835579525,8.955197048042494e-09
2.404836849033468,8.978820977763626e-09
2.4055165141016985,9.003153517459877e-09
2.4061961787577917,9.028260043209905e-09
2.406875842996894,9.05419573544883e-09
2.4075555068141585,9.08076156816129e-09
2.408235170204739,9.108317880170499e-09
2.408914833163795,9.136910389309226e-09
2.4095944956864854,9.166486945349086e-09
2.4102741577679723,9.196807632602557e-09
2.4109538194034252,9.22782842540134e-09
2.4116334805880104,9.25989357396512e-09
2.412313141316901,9.292797067687174e-09
2.4129928015852733,9.326718596451002e-09
2.4136724613883014,9.36155130884384e-09
2.4143521207211713,9.39748152154869e-09
2.4150317795790617,9.434705888039103e-09
2.415711437957162,9.473010095787321e-09
2.4163910958506625,9.512691181194952e-09
2.4170707532547526,9.553488851332061e-09
2.4177504101646297,9.595448044407075e-09
2.418430066575491,9.63866174672314e-09
2.419109722482539,9.68337241295253e-09
2.4197893778809747,9.729392084780155e-09
2.420469032766008,9.77688218636236e-09
2.421148687132847,9.826149950377516e-09
2.421828340976704,9.876830832601807e-09
2.422507994292795,9.929360522161616e-09
2.4231876470763396,9.983309187666722e-09
2.4238672993225565,1.0038910004616387e-08
2.4245469510266715,1.009603912091833e-08
2.4252266021839115,1.0155122602937707e-08
2.4259062527895066,1.0216036657622598e-08
2.4265859028386845,1.0278865862421672e-08
2.427265552326685,1.034379343893738e-08
2.427945201248745,1.0410694230684873e-08
2.4286248496001086,1.0479725042911702e-08
2.4293044973760196,1.0551415271126423e-08
2.4299841445717245,1.0625035106552396e-08
2.4306637911824738,1.0701015526543835e-08
2.431343437203519,1.0779529576135982e-08
2.432080591601697,1.086065840849435e-08
2.432760239332602,1.0945437825387287e-08
2.433439886458841,1.1032849326601692e-08
2.434119532975676,1.1123323638345549e-08
2.434799178878376,1.1215136481872043e-08
2.43547882416221,1.1310470276941145e-08
2.436158468822453,1.1408674765286785e-08
2.436838112854379,1.1510200674208649e-08
2.4375177562532686,1.1615018924999457e-08
2.4381973990144026,1.1722991081125681e-08
2.4388770411330656,1.1834812338676521e-08
2.439556682604545,1.1950158159559142e-08
2.4402363234241324,1.2069112632754691e-08
2.4409159635871185,1.2192442998414606e-08
2.441595603088798,1.2319807564291538e-08
2.4422752419244667,1.2451065337798774e-08
2.442954880089434,1.2587168419845196e-08
2.4436345175790004,1.2728055130424283e-08
2.4443141543884765,1.287317440297079e-08
2.444993790513171,1.3022805901687587e-08
2.4456734259483968,1.3177775891524845e-08
2.446353060689472,1.3337488529574068e-08
2.4470326947317123,1.3502710866836313e-08
2.4477123280704425,1.3673265370901324e-08
2.4483919607009845,1.3849574122745639e-08
2.4490715926186666,1.4032528537268716e-08
2.44975122381882,1.4221108125679991e-08
2.4504308542967754,1.4416616956530765e-08
2.451110484047871,1.4617783682432708e-08
2.451790113067444,1.4826072110047873e-08
2.452469741350837,1.5041632889317793e-08
2.453149368893394,1.5263827315637164e-08
2.4538289956904613,1.549296620263171e-08
2.454508621737391,1.5730690741842534e-08
2.4551882470295334,1.5976398207434367e-08
2.455867871562246,1.6230329073067483e-08
2.456547495330887,1.6493980106490288e-08
2.457227118330812,1.6765681123813327e-08
2.457906740557386,1.704729794920286e-08
2.45858636200598,1.733827463100594e-08
2.459265982671966,1.763919659333763e-08
2.459945602550714,1.7952072147990785e-08
2.460625221637601,1.8273285897073512e-08
2.461304839928006,1.860714252327999e-08
2.461984457417308,1.8950483783251065e-08
2.4626640741008936,1.9306310457580225e-08
2.463343689974148,1.967379198960865e-08
2.4640233050324603,2.005358711162639e-08
2.464702919271224,2.044689134757e-08
2.465382532685834,2.085391868112958e-08
2.4660621452716884,2.1274337421374583e-08
2.4667417570241885,2.170838022029267e-08
2.467421367938737,2.215822499312383e-08
2.4681009780107406,2.2622807568481615e-08
2.4687805872356092,2.3103446302701992e-08
2.4694601956087516,2.360057686467163e-08
2.4701398031255763,2.4114963024099304e-08
2.470819409781511,2.4647047910657146e-08
2.4714990155719745,2.5196624549557434e-08
2.4721786204923912,2.5765243871592857e-08
2.472858224538189,2.6354470397037714e-08
2.4735378277047935,2.696135081149534e-08
2.474217429987639,2.7590758449811487e-08
2.4748970313821586,2.823999494630875e-08
2.475634313870872,2.891233354502165e-08
2.4763139163305383,2.9607054384807176e-08
2.4769935178874674,3.032733431687925e-08
2.4776731185370995,3.107011246973294e-08
2.4783527182748952,3.1838365228045646e-08
2.479032317096303,3.263388863974851e-08
2.4797119149967792,3.345406849417965e-08
2.480391511971779,3.4300532547441285e-08
2.481071108016764,3.517962739938263e-08
2.481750703127197,3.608635900627628e-08
2.4824302972985426,3.702498667322237e-08
2.483109890526269,3.7993309201875656e-08
2.4837894828058475,3.8994460057118257e-08
2.484469074132753,4.002865627944735e-08
2.4851486645024594,4.1096842668736936e-08
2.4858282539104493,4.220290998738896e-08
2.4865078423522022,4.3343762323920624e-08
2.48718742982319,4.4521143683511114e-08
2.487867016318914,4.5737999277820367e-08
2.4885466018348654,4.6997309961066065e-08
2.4892261863665373,4.829528738288473e-08
2.4899057699094262,4.963854634260251e-08
2.4905853524590307,5.102559612363794e-08
2.491264934010853,5.24577750212977e-08
2.4919445145603953,5.393982764526963e-08
2.4926240941031685,5.547020349003155e-08
2.4933036726346796,5.705314132347675e-08
2.4939832501504413,5.8684503221311845e-08
2.494662826645971,6.036602387813002e-08
2.4953424021167856,6.21044640169787e-08
2.49602197655839,6.389939000265662e-08
2.496701549966323,6.575038449014215e-08
2.4973811223361144,6.766155410641713e-08
2.4980606936632896,6.963413912339841e-08
2.4987402639433833,7.167134502343317e-08
2.49941983317193,7.377290995857203e-08
2.500099401344467,7.594506522528326e-08
2.5007789684565336,7.817881589589789e-08
2.501458534503675,8.048783415035358e-08
2.5021380994814355,8.286891328600961e-08
2.502817663385364,8.532729628608647e-08
2.503497226211011,8.786078018935005e-08
2.5041767879539134,9.048263287166593e-08
2.504856348609648,9.318662150911314e-08
2.5055359081737714,9.596883684752972e-08
2.506215466641848,9.884421023492607e-08
2.5068950240094408,1.0180987491148498e-07
2.50757458027212,1.0486493964089796e-07
2.5082541354254544,1.0801592586803153e-07
2.5089336894650183,1.1125927423986048e-07
2.509613242386387,1.1460116262419376e-07
2.510292794185139,1.1804668547761777e-07
2.510972344856858,1.2159561836005374e-07
2.5116518943971102,1.2525982133897635e-07
2.5123314428014956,1.2903649016734398e-07
2.513010990065609,1.3293326903536546e-07
2.5136905361850417,1.3694950041698363e-07
2.514370081155388,1.4108014777244925e-07
2.5150496249722476,1.4533886240174728e-07
2.51572916763122,1.4973215336940667e-07
2.516408709127909,1.542467258041528e-07
2.5170882494579208,1.588990074570699e-07
2.5177677886168635,1.6369755565146015e-07
2.518447326600343,1.6864092979894293e-07
2.5191268634039665,1.7372624273045377e-07
2.519806399023365,1.7896289334370842e-07
2.5204859334541583,1.843545047216105e-07
2.521223327003859,1.8990483845680082e-07
2.5219028618504495,1.9562258256724721e-07
2.5225823954945956,2.0151965353677553e-07
2.5232619279319115,2.075773073347444e-07
2.5239414591580442,2.138190940420288e-07
2.524620989168633,2.2023267142516187e-07
2.525300517959316,2.2683447832002527e-07
2.525980045525739,2.3363694751674111e-07
2.526659571863543,2.4062983961921306e-07
2.5273390969683764,2.4781928280080093e-07
2.5280186208358897,2.5522541776990206e-07
2.5286981434617344,2.6284832884346373e-07
2.5293776648415602,2.7068862597480727e-07
2.5300571849710143,2.787464202591284e-07
2.530736703845776,2.8702905741848575e-07
2.5314162214615044,2.9556023549129556e-07
2.53209573781387,3.043306405571697e-07
2.532775252898538,3.133425589485074e-07
2.533454766711184,3.226121311053075e-07
2.534134279247478,3.3213714198613806e-07
2.5348137905031014,3.419326877398875e-07
2.535493300473728,3.5200699814903513e-07
2.5361728091550217,3.623558648009529e-07
2.536852316542691,3.729982651506554e-07
2.5375318226324204,3.839325222236914e-07
2.538211327419903,3.951685821369428e-07
2.538890830900831,4.0672982148744393e-07
2.5395703330709005,4.1860707132979183e-07
2.5402498339258095,4.3080788496172606e-07
2.5409293334612597,4.433462938840653e-07
2.5416088316729453,4.562290384569084e-07
2.5422883285565665,4.6946282671280015e-07
2.5429678241078486,4.830552941499116e-07
2.5436473183225035,4.97022755904148e-07
2.5443268111962447,5.113653345817604e-07
2.5450063027247904,5.260946946889503e-07
2.545685792903862,5.412281636305181e-07
2.546365281729179,5.567667600076367e-07
2.5470447691964693,5.727219255390084e-07
2.5477242553014356,5.891029358958634e-07
2.5484037400398334,6.059264507071547e-07
2.549083223407394,6.231992848741372e-07
2.5497627053998566,6.409251227258624e-07
2.5504421860129565,6.591221727009229e-07
2.5511216652424378,6.778006554033664e-07
2.551801143084045,6.969826335686764e-07
2.552480619533522,7.166625884013023e-07
2.5531600945866004,7.368968885802719e-07
2.553839568239046,7.576317246700166e-07
2.5545190404866185,7.788956359471693e-07
2.555198511325077,8.007185700073882e-07
2.5558779807501804,8.231116585403361e-07
2.5565574487576916,8.460891325027162e-07
2.5572369153433763,8.696559634694076e-07
2.5579163805030025,8.938357073152421e-07
2.5585958442323156,9.186282918292941e-07
2.55927530652711,9.440700147521665e-07
2.559954767383168,9.701568175692574e-07
2.5606342267962647,9.969015480287142e-07
2.5613136847621836,1.0243345855509645e-06
2.5619931412767083,1.0524540161708545e-06
2.562672596335624,1.0812974317927003e-06
2.563352049934712,1.1108672802515096e-06
2.564031502069755,1.1411880785905424e-06
2.5647109527365646,1.1722660061366848e-06
2.56539040193094,1.2041071569426252e-06
2.5660698496486796,1.2367500539227678e-06
2.5667492958855864,1.2702090729439346e-06
2.5674287406374665,1.3044856601356598e-06
2.568166224706895,1.3396133197114441e-06
2.5688456692324433,1.375605890779084e-06
2.5695251122596967,1.4124967258982822e-06
2.57020455378447,1.4502933301425555e-06
2.570883993802582,1.4890112768106782e-06
2.571563432309845,1.528678715720189e-06
2.572242869302071,1.5693104398286983e-06
2.5729223047751075,1.610936157468607e-06
2.573601738724783,1.6535759586211705e-06
2.57428117114693,1.6972340933548724e-06
2.574960602037382,1.7419456186432068e-06
2.5756400313919774,1.787736875494085e-06
2.576319459206545,1.8346251175870846e-06
2.5769988854769155,1.882624001461581e-06
2.5776783101989547,1.9317746797435975e-06
2.5783577333685113,1.982102816554078e-06
2.579037154981435,2.033609512873629e-06
2.5797165750335775,2.0863261629280407e-06
2.580395993520795,2.140291183261763e-06
2.581075410438932,2.195518257339736e-06
2.5817548257838454,2.2520435474244777e-06
2.5824342395514153,2.3098645219230525e-06
2.5831136517375066,2.369043573335851e-06
2.583793062337989,2.429598016388306e-06
2.584472471348733,2.491553964971672e-06
2.5851518787656143,2.55493975108674e-06
2.5858312845844833,2.619784932360247e-06
2.5865106888012357,2.6861135279301515e-06
2.5871900914117587,2.7539361895261175e-06
2.5878694924119388,2.8233144095053214e-06
2.5885488917976613,2.8942626902795466e-06
2.589228289564817,2.9668352983805813e-06
2.589907685709292,3.041034429093171e-06
2.5905870802269577,3.116905016445171e-06
2.5912664731137403,3.194475656737542e-06
2.5919458643655378,3.273781353966131e-06
2.592625253978254,3.3548630068624957e-06
2.593304641947793,3.4377437669061083e-06
2.5939840282700617,3.5224397563664076e-06
2.594663412940946,3.609027419506495e-06
2.595342795956376,3.6975265261631615e-06
2.5960221773122742,3.7879650506437633e-06
2.596701557004559,3.880375594360164e-06
2.5973809350291495,3.974798247823236e-06
2.598060311381972,4.071281525925699e-06
2.598739686058933,4.169847298970822e-06
2.599419059055959,4.270534914348884e-06
2.6000984303690005,4.373377059014541e-06
2.6007777999939905,4.478441378847304e-06
2.6014571679268643,4.585717763040549e-06
2.6021365341635607,4.695272791022238e-06
2.602815898700008,4.807173954405663e-06
2.603495261532141,4.9214385968423106e-06
2.604174622655928,5.038121595896326e-06
2.604853982067317,5.1572509454272815e-06
2.60553333976226,5.278880132932752e-06
2.6062126957367115,5.403028731940541e-06
2.606892049986617,5.529754098676504e-06
2.6075714025079217,5.6591127964077794e-06
2.608250753296612,5.7911431318228385e-06
2.608930102348653,5.925891324713018e-06
2.6096094496600095,6.0634047652775825e-06
2.610288795226654,6.203721952474413e-06
2.610968139044541,6.3469054937048336e-06
2.61164748110964,6.492987554550076e-06
2.612326821417949,6.642001957188047e-06
2.6130061599654475,6.7940023669335845e-06
2.613685496748119,6.9490895906202185e-06
2.614364831761946,7.107277079378204e-06
2.615044165002896,7.268620607200679e-06
2.6157234964669653,7.433165833874239e-06
2.616402826150161,7.600972159796599e-06
2.6170821540484788,7.772089811425127e-06
2.6178197088124997,7.94656365111646e-06
2.618499035833839,8.12445111027493e-06
2.619178361057617,8.305814594045964e-06
2.6198576844798387,8.490710810802138e-06
2.6205370060965136,8.679175541087215e-06
2.6212163259036383,8.871285722967728e-06
2.6218956438972145,9.06707759486409e-06
2.6225749600732824,9.266617537839828e-06
2.6232542744278593,9.469969799932495e-06
2.623933586956968,9.677187376599272e-06
2.6246128976566308,9.88832975674784e-06
2.625292206522843,1.0103463475566973e-05
2.6259715135516553,1.0322624095722837e-05
2.6266508187391073,1.0545898897707577e-05
2.6273301220812315,1.077332981023038e-05
2.6280094235740634,1.1004982347788619e-05
2.6286887232136302,1.124093274214827e-05
2.6293680209959596,1.148123966923746e-05
2.6300473169171203,1.1725948195389752e-05
2.6307266109731584,1.1975123370905597e-05
2.6314059031601236,1.2228851167544765e-05
2.632085193474067,1.2487181959863268e-05
2.632764481911003,1.2750177293872007e-05
2.6334437684670244,1.3017903191745296e-05
2.634123053138193,1.3290424578322363e-05
2.634802335920568,1.3567827393043977e-05
2.635481616810215,1.3850162097927725e-05
2.636160895803173,1.4137495064581894e-05
2.636840172895524,1.4429890119259464e-05
2.637519448083353,1.4727422749584784e-05
2.6381987213627327,1.5030181594769295e-05
2.638877992729741,1.5338196819786202e-05
2.6395572621804373,1.5651555541861797e-05
2.6402365297109,1.5970304160702732e-05
2.640915795317235,1.6294585484956642e-05
2.6415950589955286,1.662438433016797e-05
2.6422743207418686,1.6959815682204792e-05
2.6429535805523354,1.7300955934178034e-05
2.6436328384230072,1.764786409260353e-05
2.644312094350008,1.800060943917423e-05
2.644991348329436,1.835928566772393e-05
2.6456706003573944,1.872393145298397e-05
2.6463498504299774,1.9094639196332237e-05
2.647029098543268,1.9471478260381267e-05
2.6477083446934073,1.985453402730786e-05
2.648387588876507,2.024387190957005e-05
2.649066831088681,2.0639567258735722e-05
2.6497460713260357,2.1041706081684217e-05
2.650425309584669,2.1450335456605754e-05
2.6511045458607323,2.1865557254199705e-05
2.65178378015035,2.2287423604646954e-05
2.65246301244965,2.2716030538550788e-05
2.6531422427547495,2.315145068689297e-05
2.6538214710617587,2.3593750005771158e-05
2.654500697366843,2.404302505199702e-05
2.6551799216661403,2.4499340316222407e-05
2.6558591439557864,2.4962761610380867e-05
2.6565383642319103,2.5433374122766057e-05
2.657217582490642,2.5911269994511953e-05
2.657896798728156,2.6396522229425278e-05
2.6585760129406015,2.6889214788540604e-05
2.6592552251241277,2.7389416213488057e-05
2.659934435274866,2.789718370265816e-05
2.6606136433889773,2.841262437020539e-05
2.6612928494626384,2.8935788284215823e-05
2.661972053492012,2.9466789677541303e-05
2.66265125547326,3.0005658659543724e-05
2.663330455402516,3.055250384357577e-05
2.664009653275972,3.110740667568558e-05
2.664688849089809,3.167045761481167e-05
2.6653680428401993,3.2241704680541985e-05
2.6660472345233175,3.282123609899579e-05
2.6667264241353026,3.3409128244224334e-05
2.6674056116723777,3.400547992636594e-05
2.668084797130725,3.461034839850628e-05
2.6688223985251303,3.522380055107997e-05
2.6695015824677344,3.5845936071304094e-05
2.6701807643195106,3.647681895722344e-05
2.6708599440766525,3.7116631305958575e-05
2.6715391217353286,3.776524787266324e-05
2.6722182972917445,3.8422825858636935e-05
2.6728974707421207,3.9089476367005485e-05
2.67357664208266,3.9765275058440715e-05
2.6742558113095685,4.045027301707442e-05
2.6749349784190075,4.1144567194299596e-05
2.6756141434072345,4.184822925209288e-05
2.6762933062704617,4.2561322460049224e-05
2.676972467004905,4.328389184685191e-05
2.67765162560676,4.4016084229349786e-05
2.678330782072245,4.475792447026534e-05
2.6790099363976068,4.5509497563596066e-05
2.6796890885790705,4.627088083617001e-05
2.680368238612864,4.704214441439021e-05
2.6810473864951705,4.782336798356629e-05
2.681726532222269,4.861461481783936e-05
2.682405675790395,4.941594171391283e-05
2.6830848171957857,5.0227442214851975e-05
2.683763956434653,5.104916656908452e-05
2.684443093503247,5.188119189171407e-05
2.6851222283978324,5.272362181588103e-05
2.685801361114656,5.3576467240654204e-05
2.686480491649959,5.44398025589357e-05
2.687159619999963,5.531371800873826e-05
2.68783874616096,5.619825868683925e-05
2.6885178701292083,5.7093496593027594e-05
2.689196991900968,5.799951781772966e-05
2.6898761114724565,5.891637770512997e-05
2.6905552288399757,5.984413885252835e-05
2.691234343999796,6.078286093159009e-05
2.6919134569481877,6.173263204645068e-05
2.6925925676813955,6.269345718576157e-05
2.693271676195696,6.366541573182624e-05
2.693950782487391,6.464857204499463e-05
2.694629886552755,6.564298964630846e-05
2.6953089883880583,6.66487047322669e-05
2.6959880879895604,6.766578532420543e-05
2.696667185353584,6.869428148366674e-05
2.6973462804764163,6.97342841595395e-05
2.6980253733543456,7.078581945411468e-05
2.6987044639836197,7.184890556828234e-05
2.6993835523605823,7.29236456607367e-05
2.700062638481532,7.401006352507442e-05
2.7007417223427663,7.510823471317624e-05
2.701420803940545,7.621817369373827e-05
2.7020998832712113,7.733994273847433e-05
2.7027789603310786,7.847360236207293e-05
2.703458035116456,7.961915974990194e-05
2.7041371076236196,8.077668578652352e-05
2.704816177848907,8.194621205975916e-05
2.7054952457886476,8.312773495913552e-05
2.706174311439163,8.432134332952469e-05
2.706853374796741,8.552711322232241e-05
2.707532435857719,8.674504950476326e-05
2.7082114946184435,8.797517906383482e-05
2.7088905510752435,8.921753625023432e-05
2.7095696052244183,9.04721716733026e-05
2.7102486570623117,9.173909628624642e-05
2.71092770658528,9.301833107735556e-05
2.711606753789663,9.430991671011044e-05
2.7122857986717728,9.561389263534423e-05
2.712964841227956,9.69302731892698e-05
2.7136438814545825,9.825908532191527e-05
2.714322919348001,9.960035010456347e-05
2.7150019549045323,0.00010095411809408121
2.7156809881205337,0.0001023203776059714
2.7163600189923844,0.00010369910845479263
2.717039047516441,0.00010509035538086391
2.717718073689036,0.00010649415561425781
2.7183970975065352,0.00010791050381151525
2.7190761189653254,0.00010933944348571163
2.719755138061778,0.00011078095418237339
2.7204341547922257,0.00011223505427647729
2.721113169153053,0.0001137017692788586
2.721792181140655,0.00011518109402401628
2.7224711907514085,0.00011667303456250557
2.723208814471952,0.00011817759914927344
2.723887821917767,0.0001196947722670978
2.7245668269752086,0.00012122453974199877
2.7252458296406497,0.00012276693866636098
2.7259248299105128,0.00012432194631226007
2.726603827781188,0.00012588956766876598
2.7272828232490394,0.00012746975310065222
2.727961816310466,0.00012906255565288337
2.7286408069618906,0.0001306679065380304
2.7293197951997135,0.00013228579431104304
2.7299987810202984,0.00013391627530256138
2.730677764420072,0.0001355592925885667
2.731356745395459,0.00013721481222160739
2.732035723942867,0.000138882848207763
2.732714700058659,0.00014056336175133992
2.7333936737392928,0.00014225635563587223
2.734072644981191,0.0001439617828147698
2.7347516137807646,0.0001456796176631333
2.7354305801343934,0.0001474098757074509
2.7361095440385497,0.00014915244080661346
2.736788505489658,0.0001509073510751393
2.737467464484126,0.00015267452961734103
2.738146421018372,0.00015445395312707177
2.7388253750888603,0.0001562455977947763
2.7395043266920296,0.00015804947211372212
2.740183275824277,0.00015986545955606107
2.740862222482061,0.00016169352732522664
2.7415411666618446,0.00016353364081041926
2.742220108360071,0.00016538578779019597
2.7428990475731303,0.0001672498727094266
2.743577984297525,0.0001691258910678949
2.744256918529712,0.00017101372925003316
2.744935850266122,0.00017291343077623927
2.7456147795031924,0.00017482489091871545
2.7462937062374206,0.000176748094133179
2.746972630465266,0.00017868292679742856
2.7476515521831537,0.00018062934206800776
2.7483304713875674,0.00018258730329072097
2.7490093880749944,0.0001845567364688329
2.749688302241902,0.0001865376082592697
2.7503672138847093,0.00018852978371625403
2.7510461229999463,0.00019053325062838363
2.7517250295840903,0.00019254791925980063
2.7524039336335897,0.0001945736615084404
2.7530828351449257,0.0001966105452534144
2.7537617341146112,0.00019865843798731956
2.7544406305391336,0.00020071729789765042
2.7551195244149267,0.000202786976246527
2.755798415738528,0.00020486740227592244
2.7564773045064364,0.00020695852322423104
2.757156190715126,0.00020906024048066704
2.7578350743610773,0.00021117249662776975
2.758513955440827,0.0002132952201786721
2.759192833950879,0.00021542828443862973
2.7598717098876855,0.0002175716516187627
2.7605505832477943,0.0002197251853987415
2.7612294540277236,0.00022188882385358122
2.7619083222239644,0.00022406246892215653
2.76258718783301,0.00022624604337365944
2.7632660508514157,0.000228439422062295
2.763944911275701,0.0002306425493939321
2.7646237691023328,0.000232855298098896
2.7653026243278758,0.00023507760047648617
2.765981476948865,0.00023730934446889788
2.7666603269618024,0.0002395504486575926
2.767339174363206,0.00024180080773898588
2.768018019149642,0.00024406030073281356
2.7686968613176455,0.0002463288397082358
2.769375700863694,0.0002486063255945477
2.77005453778438,0.0002508926333204052
2.7707333720762493,0.0002531876805470082
2.7714122037358098,0.00025549134611565865
2.772091032759613,0.0002578035345287755
2.772769859144233,0.0002601241760807323
2.7734486828862095,0.0002624530429389489
2.7741275039820548,0.00026479011311794187
2.7748063224283723,0.0002671352564561045
2.775485138221719,0.0002694883798356441
2.7761639513586056,0.0002718493317991554
2.776842761835627,0.0002742180349840649
2.7775215696493616,0.0002765943583077008
2.778200374796346,0.0002789781996418816
2.7788791772731405,0.00028136940270281647
2.77961679537729,0.00028376786991469516
2.780295595049289,0.0002861735349554358
2.7809743920402252,0.00028858623014413147
2.7816531863466643,0.0002910058437962573
2.7823319779651423,0.0002934322530080385
2.783010766892294,0.00029586533250291363
2.7836895531247032,0.0002983049698594716
2.7843683366589023,0.0003007510796463802
2.785047117491522,0.0003032034927598034
2.785725895619164,0.00030566206259894166
2.786404671038384,0.0003081267109277423
2.7870834437457845,0.0003105973256059624
2.787762213737993,0.0003130737117199779
2.7884409810115853,0.00031555578280217207
2.7891197455631405,0.0003180434295677103
2.789798507389306,0.00032053656222597266
2.7904772664866844,0.0003230351052442618
2.7911560228518253,0.00032553885511356606
2.7918347764814015,0.0003280476940428787
2.7925135273720256,0.0003305614951763259
2.7931922755202585,0.00033308014290577774
2.7938710209227584,0.0003356034865549167
2.794549763576158,0.00033813143083801916
2.7952285034770368,0.0003406637902727611
2.795907240622034,0.00034320045241867587
2.796585975007801,0.00034574140261195717
2.7972647066309397,0.00034828644761817495
2.7979434354880666,0.00035083553047605894
2.798622161575854,0.0003533883917022284
2.7993008848909224,0.0003559449861972157
2.799979605429871,0.0003585051889149069
2.800658323189392,0.00036106884205006854
2.801337038166121,0.0003636358712537422
2.802015750356644,0.00036620612004011494
2.80269445975767,0.0003687794442686758
2.8033731663658443,0.00037135574372112854
2.8040518701777595,0.00037393487757045145
2.804730571190121,0.0003765168129578713
2.8054092693995885,0.0003791013546483835
2.8060879648027686,0.0003816884101161178
2.8067666573963574,0.00038427783993062996
2.8074453471770284,0.0003868695207118604
2.8081240341414038,0.0003894633600229912
2.808802718286167,0.00039205921829801643
2.8094813996080115,0.00039465697426972854
2.8101600781035683,0.0003972565195119953
2.8108387537695187,0.0003998577572875456
2.811517426602564,0.0004024605471593916
2.812196096599352,0.00040506477523857555
2.812874763756555,0.00040767032126894705
2.8135534280708905,0.0004102770549594997
2.8142320895390136,0.00041288490957428956
2.814910748157597,0.00041549377738599907
2.8155894039233673,0.00041810352053542115
2.8162680568329925,0.00042071401274862565
2.8169467068831406,0.0004233252066857723
2.817625354070551,0.00042593694610653667
2.8183039983919023,0.0004285492135615067
2.81898263984386,0.00043116183160493335
2.819661278423176,0.00043377457961146863
2.8203399141265337,0.00043638746715921734
2.8210185469506044,0.0004390003691164205
2.821697176892147,0.00044161321401457455
2.822375803947853,0.0004442258714149766
2.8230544281143977,0.0004468382472233637
2.8237330493885473,0.0004494502270278998
2.8244116677670013,0.000452061715733816
2.825090283246439,0.0004546726670881185
2.825768895823635,0.00045728290628126443
2.8264475054952936,0.00045989237578998034
2.8271261122581044,0.0004625009956822347
2.8278047161088433,0.0004651086631680128
2.8284833170442227,0.0004677152902952007
2.82916191506094,0.0004703207985681319
2.829840510155779,0.00047292503648768653
2.830519102325452,0.00047552794166051487
2.8311976915666697,0.00047812944203224375
2.8318762778762214,0.0004807294755317704
2.83255486125082,0.0004833279529695522
2.8332334416871916,0.00048592477017113915
2.833912019182126,0.0004885198448380174
2.8345905937323397,0.0004911131037880081
2.8352691653345743,0.0004937044862550604
2.8359477339856203,0.0004962938575090317
2.836626299682197,0.000498881167411459
2.837304862421061,0.0005014663471006364
2.8379834221990077,0.0005040493124501622
2.8386619790127505,0.0005066299973065568
2.839340532859069,0.0005092083134281271
2.84007811431979,0.0005117841888363476
2.8407566647117526,0.0005143575917665915
2.841435212126015,0.0005169284311675994
2.8421137565592827,0.0005194966303415543
2.842792298008397,0.0005220620897186033
2.843470836470122,0.0005246248718680462
2.844149371941189,0.0005271847081815125
2.844827904418436,0.0005297416812896683
2.8455064338986236,0.0005322957337175026
2.846184960378508,0.0005348467803866306
2.8468634838549254,0.0005373947555475742
2.8475420043246293,0.0005399395724773194
2.8482205217844077,0.0005424811953534552
2.848899036231089,0.0005450196346906934
2.8495775476614247,0.0005475547472940399
2.8502560560722268,0.0005500865586921414
2.850934561460324,0.0005526149372915301
2.851613063822458,0.0005551398610498407
2.8522915631554753,0.0005576613304135996
2.852970059456197,0.0005601792766338979
2.8536485527213555,0.0005626936365371957
2.8543270429478347,0.0005652043262435805
2.8550055301324315,0.0005677112929937031
2.855684014271912,0.0005702145902691523
2.856362495363154,0.0005727141773131522
2.8570409734029454,0.0005752099481228346
2.857719448388088,0.0005777018935534686
2.858397920315453,0.0005801899790651189
2.859076389181817,0.0005826741630698644
2.8597548549840193,0.0005851543360040375
2.8604333177189214,0.000587630498640346
2.8611117773832904,0.000590102649251406
2.8617902339740064,0.0005925707135671151
2.8624686874879135,0.0005950347550431393
2.8631471379217817,0.0005974947218067387
2.8638255852725196,0.000599950514478142
2.864504029536947,0.0006024021441439057
2.8651824707118734,0.0006048496128525713
2.865860908794199,0.0006072928332045408
2.8665393437807283,0.0006097318277209065
2.8672177756683164,0.0006121665349906033
2.867896204453852,0.0006145969457791773
2.8685746301341224,0.0006170230432485169
2.869253052706032,0.0006194448067582878
2.8699314721664453,0.0006218621809380478
2.8706098885121594,0.0006242751566070991
2.8712883017401047,0.0006266837409508613
2.8719667118471155,0.0006290879350017927
2.872645118830038,0.0006314876911162055
2.8733235226857903,0.0006338829964939207
2.8740019234111847,0.0006362738318196994
2.8746803210031255,0.0006386601695489978
2.8753587154585074,0.0006410419897095952
2.87603710677413,0.0006434193324949375
2.8767154949469504,0.0006457921380069154
2.87739387997382,0.0006481603752011067
2.8780722618515946,0.0006505241201930721
2.878750640577212,0.0006528833025491235
2.8794290161475056,0.0006552380044075566
2.880107388559387,0.0006575880269288944
2.880785757809775,0.0006599335101860773
2.8814641238954826,0.0006622743964064097
2.8821424868134815,0.0006646107052620485
2.8828208465606426,0.0006669424228840119
2.8834992031338373,0.0006692695145024425
2.8841775565300196,0.0006715920210820175
2.884855906746034,0.0006739099595834729
2.885534253778819,0.0006762232061510298
2.886212597625299,0.0006785318265681093
2.8868909382823116,0.0006808358251575679
2.8875692757468436,0.0006831352036040011
2.888247610015771,0.000685429942432314
2.888925941085999,0.0006877200527468061
2.889604268954488,0.0006900055176324668
2.8902825936180934,0.0006922863354642333
2.8909609150737845,0.0006945624647418969
2.8916392333184833,0.0006968339595742198
2.892317548349064,0.0006991008100017385
2.892995860162521,0.0007013630402227094
2.8936741687557332,0.0007036206176114498
2.8943524741256472,0.0007058735747922283
2.895030776269225,0.0007081219049486792
2.895709075183326,0.0007103656134451898
2.8963873708649652,0.0007126046825543149
2.897065663311044,0.0007148391434644576
2.8977439525184954,0.000717068956545723
2.8984222384843075,0.0007192941162329124
2.8991005212053524,0.0007215146545306569
2.899778800678639,0.0007237305955058918
2.9004570769010996,0.0007259418739391604
2.9011353498696555,0.0007281485528801461
2.9018136195813145,0.0007303505807539541
2.902491886032969,0.0007325480157960657
2.9031701492216193,0.0007347408337354615
2.903848409144227,0.0007369290383505322
2.904526665797702,0.0007391125780934361
2.905264174139325,0.0007412915693559396
2.905942426678111,0.0007434659800321263
2.9066206759381283,0.0007456358071915936
2.9072989219163055,0.000747801066163875
2.9079771646096746,0.000749961696322565
2.9086554040151493,0.0007521177686203845
2.909333640129742,0.0007542692706666381
2.9100118729504327,0.0007564161635385154
2.9106901024741547,0.0007585585053672839
2.9113683286979533,0.0007606962340996118
2.912046551618753,0.0007628294107074425
2.912724771233572,0.0007649580491498517
2.9134029875394054,0.0007670821414143298
2.9140812005331918,0.0007692016661769415
2.9147594102119894,0.0007713166219689132
2.91543761657273,0.0007734270168578835
2.9161158196124437,0.0007755329170392086
2.916794019328133,0.0007776342900015683
2.917472215716751,0.0007797310959325177
2.918150408775363,0.0007818233640203933
2.918828598500908,0.0007839111641072809
2.9195067848904315,0.0007859943954656556
2.920184967940939,0.0007880730886797587
2.920863147649401,0.0007901472380919611
2.921541324012889,0.0007922168925794447
2.922219497028346,0.0007942820008267416
2.9228976666928395,0.0007963426593517798
2.9235758330033716,0.0007983987757702448
2.924253995956936,0.0008004503637848885
2.924932155550607,0.0008024974145999217
2.9256103117813295,0.0008045399611425921
2.926288464646198,0.0008065779974239423
2.9269666141422053,0.0008086115495411213
2.9276447602663733,0.0008106405967084869
2.928322903015777,0.0008126651578658109
2.9290010423873656,0.0008146851719506923
2.9296791783782576,0.0008167006498591742
2.930357310985434,0.0008187116232072974
2.9310354402059535,0.0008207180908864055
2.9317135660368714,0.000822720067007277
2.9323916884751777,0.0008247175344218938
2.9330698075179855,0.0008267104809030866
2.9337479231622683,0.0008286989425239431
2.9344260354051284,0.0008306828782034867
2.9351041442435966,0.0008326623079834181
2.935782249674704,0.000834637217017181
2.936460351695559,0.0008366076368346894
2.9371384503031304,0.0008385735209459336
2.9378165454945586,0.0008405349026769041
2.938494637266853,0.0008424917600725937
2.9391727256170896,0.0008444440666221995
2.93985081054235,0.0008463918953270526
2.9405288920396457,0.0008483351961984292
2.9412069701061143,0.0008502739678370638
2.941885044738751,0.0008522081972096456
2.9425631159346834,0.0008541378778963163
2.9432411836909593,0.0008560630424523477
2.943919248004646,0.0008579837186749686
2.9445973088728574,0.0008598997600547768
2.9452753662926,0.000861811251728853
2.9459534202610356,0.0008637181966561192
2.9466314707751793,0.0008656205836207156
2.9473095178321564,0.0008675184362672855
2.9479875614290436,0.0008694117042797453
2.9486656015629062,0.00087130044112098
2.949343638230885,0.0008731846084176044
2.9500216714299907,0.000875064225915646
2.9506997011574003,0.0008769392612574047
2.951377727410147,0.0008788097325835773
2.952055750185365,0.0008806756226008586
2.952733769480145,0.0008825369217469409
2.9534117852915656,0.000884393674526031
2.954089797616782,0.0008862457982205863
2.954767806452817,0.0008880932459444321
2.9554458117968614,0.000889936185666131
2.9561238136459598,0.0008917745101147639
2.9568018119972623,0.0008936082354124278
2.9574798068478705,0.0008954373641923692
2.95815779819488,0.0008972618833350339
2.9588357860354515,0.0008990817803547328
2.9595137703666317,0.0009008970432275995
2.96019175118562,0.0009027077020289533
2.9608697284894663,0.0009045137246473723
2.961547702275348,0.0009063151257460529
2.9622256725403635,0.0009081119009296821
2.96290363928164,0.0009099040296307001
2.963581602496332,0.0009116915557868992
2.964259562181519,0.0009134744023004136
2.964937518334404,0.0009152525940597495
2.9656154709520384,0.0009170261270802908
2.966293420031637,0.0009187950155344478
2.966971365570283,0.0009205592355235106
2.967649307565148,0.0009223188115182585
2.9683272460133665,0.0009240737061825056
2.969005180912065,0.0009258239454802945
2.969683112258432,0.000927569519270207
2.9703610400495473,0.0009293104072962612
2.97103896428264,0.0009310465908418886
2.9717168849547817,0.0009327781026447378
2.972394802063195,0.0009345049307993995
2.973072715604987,0.0009362270656265077
2.9737506255773387,0.0009379445313762545
2.9744285319774106,0.0009396572959907678
2.975165925262302,0.0009413653203978182
2.9758438268829797,0.0009430686835632283
2.976521724922351,0.0009447674371803447
2.9771996193774983,0.0009464614232038651
2.9778775102456656,0.00094815073255565
2.9785553975239685,0.0009498353235144728
2.9792332812096114,0.0009515152195223401
2.979911161299756,0.0009531904156400142
2.9805890377915705,0.0009548609250688132
2.9812669106822605,0.0009565267308035129
2.981944779968955,0.0009581878333980227
2.982622645648906,0.0009598442162350128
2.9833005077192043,0.0009614959103591491
2.983978366177129,0.0009631429050125721
2.98465622101979,0.0009647851865733888
2.9853340722444344,0.0009664227692259668
2.9860119198482105,0.0009680556659327278
2.9866897638283336,0.0009696838064141754
2.9873676041819954,0.0009713072545711285
2.9880454409063724,0.0009729260211463885
2.988723273998701,0.0009745401195069616
2.989401103456122,0.0009761495607887967
2.990078929275914,0.0009777543075863468
2.990756751455183,0.000979354401052416
2.991434569991232,0.000980949773083205
2.992112384881187,0.0009825404753926528
2.9927901961223182,0.00098412651363878
2.9934680037117927,0.0009857078641488674
2.9941458076468463,0.0009872845240712312
2.9948236079246873,0.0009888565181266052
2.9955014045425195,0.000990423870620487
2.996179197497587,0.0009919865693115261
2.996856986787068,0.0009935446526521446
2.99753477240824,0.0009950980887626114
2.998212554358252,0.0009966468806732495
2.9988903326344145,0.0009981910544053113
2.999568107233859,0.0009997305780967386
3.0002458781539074,0.0010012654767662115
3.0009236453917105,0.001002795753283178
3.0016014089445617,0.0010043214499300653
3.0022791688096486,0.0010058425587059795
3.002956924984239,0.0010073590809816795
3.0036346774655502,0.001008871015126853
3.0043124262508267,0.0010103783469142004
3.004990171337318,0.0010118811637759855
3.005667912722244,0.001013379406954426
3.006345650402884,0.0010148731065877227
3.0070233843764367,0.0010163622122973984
3.0077011146402106,0.0010178468191976821
3.0083788411913788,0.0010193269315744865
3.009056564027282,0.0010208025218410722
3.009734283145073,0.0010222735948304765
3.010411998542105,0.001023740189617046
3.0110897102155523,0.0010252023188012309
3.0117674181627425,0.001026659959494492
3.012445122380875,0.0010281131195401933
3.013122822867263,0.001029561831077962
3.0138005196191298,0.0010310060940507896
3.0144782126337684,0.0010324458928813113
3.015155901908432,0.0010338813009554417
3.015833587440392,0.0010353123421830987
3.016511269226926,0.0010367389997871053
3.0171889472652906,0.0010381612606864359
3.017866621552784,0.0010395791582588033
3.0185442920866503,0.0010409927363352548
3.0192219588642093,0.001042401945718877
3.019899621882687,0.001043806870601943
3.020577281139426,0.0010452074496936391
3.02125493663164,0.001046603728230387
3.021932588356693,0.0010479956827519762
3.0226102363117824,0.0010493833827466834
3.023287880494293,0.001050766842586914
3.0239655209014136,0.0010521460655591992
3.0246431575305346,0.0010535210420754794
3.0253207903788577,0.0010548918210740697
3.025998419443763,0.0010562583641328409
3.02667604472247,0.001057620729602261
3.0273536662123455,0.0010589789104166268
3.02803128391063,0.001060332861441873
3.0287088978146794,0.0010616827549319555
3.0293865079217506,0.0010630285349835828
3.030064114229189,0.0010643701857119066
3.0307417167342674,0.001065707745972922
3.031419315434324,0.0010670412296854442
3.0320969103266444,0.0010683706089210817
3.032774501408562,0.0010696959550738037
3.033452088677376,0.0010710173077944302
3.034129672130411,0.0010723346723310872
3.0348072517649802,0.001073647961620224
3.0354848275784043,0.001074957275743794
3.036162399568007,0.0010762626117494986
3.036839967731103,0.0010775640470765842
3.0375175320650287,0.0010788615266613753
3.038195092567095,0.0010801551134179128
3.0388726492346487,0.0010814447783702985
3.039550202064997,0.0010827305217591579
3.040227751055497,0.0010840123837557371
3.0409052962034524,0.0010852904063916645
3.0415828375062297,0.0010865646112387585
3.0422603749611317,0.001087834945937338
3.0429379085655324,0.0010891014958206106
3.043615438316733,0.0010903642354216324
3.044292964212115,0.0010916232015607571
3.0449704862489804,0.0010928785220719868
3.045648004424716,0.0010941299744704786
3.046325518736627,0.0010953777804493317
3.047003029182103,0.0010966218152048649
3.047680535758451,0.0010978621132391024
3.048358038463068,0.0010990990998348354
3.049035537293259,0.0011003319839620537
3.04971303224643,0.0011015612811023474
3.0503905233198854,0.0011027870090465713
3.0510680105110346,0.0011040091447474592
3.0518052369158073,0.0011052276985110793
3.052482718647076,0.0011064426644158798
3.053160196487613,0.0011076541014320394
3.0538376704347288,0.0011088619993997217
3.0545151404858433,0.0011100663719696639
3.055192606638274,0.0011112672036199646
3.0558700688894405,0.001112464541683345
3.056547527236667,0.0011136584076494706
3.0572249816773733,0.0011148488660970264
3.0579024322088917,0.0011160358468139306
3.0585798788286405,0.0011172193567227128
3.0592573215339582,0.0011183994209300724
3.0599347603222626,0.0011195761130750684
3.060612195190903,0.0011207494018416623
3.0612896261372917,0.0011219193376306167
3.061967053158789,0.0011230859056092658
3.062644476252804,0.0011242491259465964
3.063321895416706,0.0011254090748591167
3.0639993106479007,0.0011265657113531833
3.0646767219437705,0.0011277190701745902
3.065354129301713,0.001128869147631552
3.066031532719125,0.0011300159582422992
3.0667089321933974,0.0011311594701201649
3.0673863277219384,0.0011322997154685445
3.0680637193021343,0.0011334366606374504
3.068741106931406,0.0011345705267799253
3.069418490607132,0.0011357011916002487
3.0700958703267505,0.0011368286656228313
3.0707732460876276,0.0011379529843722315
3.0714506178872183,0.001139074190904235
3.072127985722881,0.0011401921963262946
3.0728053495920857,0.0011413070486362188
3.0734827094921786,0.0011424188158133488
3.0741600654206516,0.0011435275061442627
3.0748374173748365,0.0011446331088384146
3.075514765352241,0.0011457355708096957
3.0761921093501914,0.001146835040723197
3.0768694493662045,0.0011479314751147809
3.07754678539761,0.0011490248963904888
3.0782241174419216,0.0011501152465626572
3.0789014454964843,0.001151202592346163
3.079578769558798,0.0011522869472974093
3.0802560896262317,0.0011533683560657059
3.080933405696267,0.001154446805605311
3.0816107177662944,0.001155522280069354
3.082288025833783,0.0011565948264895057
3.082965329896144,0.0011576644382700501
3.0836426299508286,0.0011587311169781935
3.084319925995274,0.0011597947613841873
3.0849972180269125,0.0011608556089959888
3.085674506043206,0.0011619136406330467
3.086351790041568,0.0011629687802483287
3.0870290700194847,0.001164021015741316
3.0877063459743535,0.001165070366979761
3.0883836179036845,0.0011661167548551868
3.089060885804855,0.0011671603866784716
3.0897381496754037,0.0011682012412152225
3.0904154095126843,0.0011692393013246016
3.091092665314252,0.0011702745367240164
3.091769917077477,0.0011713069947927135
3.09244716479989,0.001172336638963248
3.0931244084788934,0.0011733635609877473
3.0938016481119943,0.0011743876054351747
3.0944788836966217,0.0011754090812873738
3.095156115230262,0.0011764278111722622
3.0958333427103755,0.001177443794074026
3.096510566134421,0.0011784570942269075
3.0971877854998904,0.0011794676928615377
3.0978650008042203,0.0011804756269392428
3.098542212044932,0.0011814809358411552
3.0992194192194353,0.0011824834814827257
3.099896622325288,0.0011834833841238772
3.100573821359869,0.0011844806229415108
3.1012510163207554,0.0011854752938431712
3.1019282072053462,0.0011864672662276676
3.1026053940111895,0.0011874566604377812
3.1032825767357197,0.0011884434402275879
3.1039597553764544,0.0011894275788134276
3.1046369299308645,0.0011904091306857794
3.105314100396438,0.0011913881168492113
3.1059912667706833,0.0011923645750658038
3.1066684290510564,0.001193338448450112
3.1073455872351032,0.0011943097529477915
3.108022741320247,0.0011952785445086768
3.108699891304069,0.0011962448467677834
3.109377037183975,0.0011972086065458116
3.11005417895755,0.001198169875845238
3.1107313166222283,0.0011991286392661795
3.111408450175561,0.0012000849123662625
3.1120855796150204,0.0012010387066616805
3.1127627049381266,0.0012019901238108112
3.1134398261423915,0.0012029390365950134
3.114116943225299,0.0012038854463015639
3.114794056184403,0.0012048294397678423
3.1154711650171523,0.0012057710060743617
3.11614826972114,0.0012067101986250064
3.116825370293789,0.0012076469992275125
3.1175024667327014,0.001208581402607932
3.118179559035332,0.0012095134509116016
3.1188566471992423,0.0012104431642329958
3.119533731221931,0.0012113705281524482
3.120210811100923,0.0012122955324942119
3.1208878868337613,0.001213218223493854
3.121564958417931,0.001214138584107724
3.1222420258510204,0.0012150566527376497
3.1229190891304746,0.0012159724429410136
3.1235961482539127,0.0012168859572629861
3.1242732032187903,0.0012177971933624789
3.1249502540226994,0.0012187061579970347
3.1256273006631385,0.0012196130877009856
3.1263043431376563,0.0012205176122556797
3.126981381443802,0.0012214202258353116
3.1276584155790794,0.0012223204030480611
3.1283354455410888,0.0012232183955139485
3.1290124713272873,0.001224114152397633
3.12968949293531,0.001225007861950777
3.1303665103626273,0.0012258994125771475
3.131043523606839,0.001226788851865438
3.1317205326654656,0.0012276761000854953
3.1323975375360598,0.0012285612361241274
3.133074538216194,0.0012294442643547877
3.1337515347033764,0.0012303251722776288
3.1344285269952286,0.0012312040202945595
3.135105515089217,0.0012320808717236603
3.135782498982987,0.0012329556853623053
3.1364594786740367,0.0012338285267242224
3.1371364541599585,0.001234699399594971
3.1378134254383085,0.001235568258072913
3.13855041522545,0.0012364351441261304
3.1392273803296273,0.0012373000857855414
3.139904341218488,0.0012381631031829709
3.140581297889509,0.0012390241760731613
3.1412582503403463,0.0012398833838584348
3.1419351985685147,0.0012407406859658925
3.1426121425716143,0.0012415960977717026
3.143289082347219,0.001242449605786658
3.143966017892877,0.0012433012797055361
3.144642949206219,0.0012441511446763293
3.1453198762847427,0.001244999158206621
3.1459967991261126,0.0012458455106024618
3.1466737177278463,0.001246690170705607
3.147350632087565,0.0012475330894341082
3.148027542202844,0.0012483742152822324
3.148704448071247,0.0012492136753648614
3.149381349690414,0.0012500514883977993
3.150058247057853,0.0012508876598908449
3.1507351401712365,0.0012517222192516626
3.151412029028095,0.001252555038989407
3.1520889136260597,0.0012533862984649366
3.1527657939627165,0.0012542160007166844
3.153442670035637,0.001255044086268265
3.1541195418424746,0.0012558706469198847
3.154796409380742,0.001256695700797745
3.155473272648127,0.001257519261395425
3.1561501316421725,0.0012583413150973233
3.15682698636051,0.001259161890520687
3.157503836800749,0.0012599810098179378
3.158180682960458,0.001260798665387426
3.1588575248373068,0.0012616148191165243
3.1595343624288246,0.0012624296858946183
3.1602111957326944,0.00126324320107345
3.16088802474649,0.0012640554066934639
3.1615648494678266,0.001264866291247523
3.1622416698943523,0.0012656758812304406
3.1629184860236172,0.0012664841742042051
3.163595297853316,0.0012672912168785787
3.1642721053810012,0.0012680970415753041
3.164948908604337,0.001268901674560237
3.1656257075209355,0.0012697051264441825
3.1663025021283957,0.0012705074663287026
3.1669792924243985,0.001271308617543255
3.167656078406487,0.0012721086489488331
3.168332860072367,0.0012729075497691464
3.1690096374196264,0.0012737054077755544
3.1696864104459,0.0012745022057044164
3.170363179148852,0.0012752979791973112
3.171039943526046,0.0012760927647917795
3.171716703575197,0.0012768865342587942
3.1723934592938794,0.0012776793512121927
3.173070210679764,0.0012784712421182636
3.173746957730493,0.0012792622220935271
3.174423700443666,0.001280052430840168
3.1751004388169894,0.0012808417452885774
3.175777172848035,0.0012816302393315706
3.176453902534503,0.0012824178414077827
3.1771306278740212,0.0012832047017378723
3.1778073488642162,0.0012839907545090588
3.1784840655027913,0.0012847761061672684
3.179160777787318,0.001285560660201373
3.1798374857155176,0.0012863445245674234
3.1805141892850126,0.0012871277791790903
3.1811908884934494,0.0012879102873730407
3.18186758333853,0.0012886921520655953
3.182544273817828,0.001289473437635524
3.183220959929084,0.0012902541690583186
3.1838976416699167,0.0012910343121706178
3.1845743190379885,0.0012918140252729904
3.1852509920310017,0.0012925931536876072
3.1859276606465405,0.001293371781871724
3.1866043248823503,0.0012941498628327957
3.187280984736057,0.0012949275107997371
3.187957640205331,0.0012957047244571561
3.18863429128788,0.0012964815084479772
3.189310937981296,0.0012972579764402342
3.1899875802833324,0.0012980340933904523
3.19066421819162,0.0012988097977176985
3.1913408517038366,0.0012995851928469108
3.1920174808176975,0.0013003603202238184
3.192694105530801,0.0013011351612173246
3.1933707258409063,0.0013019096787121047
3.194047341745655,0.0013026840115941338
3.194723953242726,0.0013034580959546353
3.1954005603298454,0.0013042320133690624
3.1960771630046194,0.001305005746277215
3.1967537612648087,0.0013057793243280607
3.1974303551080694,0.0013065527679285926
3.198106944532077,0.0013073261063238635
3.198783529534571,0.001308099377531585
3.1994601101131694,0.001308872517203192
3.200136686265626,0.001309645644064884
3.200813257989621,0.001310418746301096
3.201489825282819,0.001311191723393153
3.2021663881429716,0.0013119647128569827
3.2028429465677175,0.0013127376752896478
3.2035195005547963,0.0013135107190390659
3.2041960501019147,0.0013142837322181217
3.2048725952067225,0.0013150567805086536
3.205549135866992,0.001315830001443624
3.206225672080375,0.0013166032758792248
3.2069022038445985,0.001317376698157581
3.207578731157399,0.0013181501745767733
3.2082552540164064,0.001318923785649948
3.208931772419412,0.0013196975318812366
3.2096082863640936,0.0013204714492101972
3.21028479584815,0.0013212455330731429
3.210961300869343,0.0013220197409570793
3.2116378014253235,0.0013227941754933587
3.212314297513856,0.0013235688944502788
3.2129907891326583,0.0013243438230883245
3.2136672762794047,0.0013251189621819135
3.214343758951879,0.001325894231607081
3.2150202371477534,0.001326669870017192
3.215696710864769,0.0013274457997618384
3.2163731801006827,0.0013282220116064437
3.217049644853142,0.0013289984817769203
3.2177261051199495,0.0013297752826649256
3.2184025608988116,0.0013305524011527528
3.21907901218743,0.001331329816393308
3.219755458983589,0.0013321075822047656
3.2204319012849676,0.0013328857044744155
3.2211083390893287,0.0013336640769802215
3.221784772394431,0.001334442780481642
3.2224612011979357,0.001335221952411138
3.2231376254976567,0.001336001410954125
3.2238140452913067,0.0013367812421118963
3.2244904605766034,0.0013375614272732813
3.2251668713513384,0.0013383420323780405
3.2258432776132,0.0013391229558118868
3.226519679359964,0.0013399042701070707
3.227196076589399,0.001340686030622159
3.227872469299174,0.001341468188403313
3.2285488574871164,0.0013422507271479383
3.2292252411509503,0.0013430335802589624
3.2299016202883974,0.001343816904709838
3.2305779948972635,0.0013446006122007324
3.2312543649752525,0.0013453847395397628
3.2319307305201406,0.0013461692440225634
3.2326070915297103,0.0013469541543772528
3.2332834480016497,0.0013477393853309591
3.2339597999337806,0.0013485250152296892
3.234636147323855,0.0013493110583844073
3.2353124901695853,0.0013500975128862547
3.2359888284687974,0.0013508843793974272
3.236665162219218,0.0013516715603370335
3.237341491418608,0.001352459121572674
3.238017816064772,0.001353247067590414
3.2387544741245393,0.0013540354443370673
3.2394307918376666,0.0013548242166500691
3.240107104990393,0.0013556132849694136
3.2407834135805427,0.0013564027250563499
3.2414597176058435,0.00135719246864985
3.2421360170640803,0.001357982784875198
3.2428123119530614,0.0013587732756112974
3.2434886022705007,0.0013595640284543378
3.2441648880142253,0.0013603550518880288
3.2448411691820227,0.0013611464729531288
3.2455174457716063,0.0013619382817853024
3.2461937177808275,0.0013627303715802968
3.2468699852074514,0.0013635228616887618
3.247546248049225,0.0013643155733851346
3.2482225063039887,0.001365108542104466
3.248898759969495,0.0013659018680218294
3.249575009043526,0.0013666955119715602
3.25025125352391,0.0013674893767314754
3.250927493408389,0.0013682833941851336
3.251603728694777,0.0013690776862290254
3.252279959380894,0.0013698721121181956
3.2529561854644693,0.0013706668164412809
3.2536324069433498,0.0013714615643717414
3.2543086238153416,0.001372256607393707
3.254984836078171,0.0013730518361030877
3.2556610437297095,0.001373847144273571
3.2563372467677447,0.0013746426259952677
3.2570134451900294,0.0013754382238373363
3.257689638994427,0.001376234106195452
3.258365828178717,0.001377029918426459
3.259042012740679,0.0013778258227292684
3.2597181926781684,0.0013786218796170207
3.2603943679889587,0.0013794179720742431
3.2610705386708525,0.0013802141827597187
3.2617467047217,0.00138101040174473
3.2624228661392682,0.0013818066868869733
3.263099022921383,0.001382602920253662
3.2637751750658865,0.0013833991270342026
3.264451322570544,0.0013841953136730098
3.2651274654331988,0.0013849914776069418
3.265803603651691,0.0013857876201217232
3.26647973722378,0.001386583679610849
3.2671558661473292,0.001387379534190859
3.267831990420173,0.0013881753407813113
3.268508110040069,0.0013889710411219155
3.269184225004897,0.001389766594911251
3.26986033531249,0.001390562021861209
3.2705364409606013,0.001391357270278347
3.271212541947127,0.0013921522796938766
3.2718886382698917,0.0013929470947011964
3.2725647299266627,0.001393741659517312
3.2732408169153353,0.001394535991562772
3.273916899233734,0.0013953300593160694
3.274592976879637,0.0013961239101791157
3.2752690498509383,0.0013969174678403495
3.2759451181454637,0.0013977106451956017
3.2766211817610005,0.0013985035041701609
3.277297240695446,0.001399296030053773
3.277973294946624,0.0014000882466628742
3.2786493445123304,0.0014008799324909153
3.279325389390465,0.0014016713533899876
3.280001429578852,0.0014024623334373415
3.2806774650752963,0.0014032529293458388
3.2813534958776955,0.0014040430741526866
3.2820295219838806,0.0014048327220157657
3.28270554339166,0.0014056218689127073
3.283381560098935,0.0014064105285003388
3.2840575721035394,0.0014071987642841582
3.2847335794032837,0.0014079864140106612
3.285409581996074,0.0014087734384007889
3.286085579879748,0.0014095599195760211
3.286761573052118,0.0014103458387277469
3.2874375615110956,0.0014111312297350276
3.2881135452545225,0.0014119159576021128
3.288789524280212,0.0014126999797976192
3.289465498586079,0.0014134833497708144
3.2901414681699728,0.0014142661753444277
3.290817433029704,0.0014150482489173463
3.2914933931631953,0.00141582960994999
3.2921693485683012,0.0014166103050661026
3.2928452992428285,0.0014173902328838536
3.293521245184708,0.0014181695066153655
3.294197186391802,0.0014189479804325356
3.2948731228619117,0.0014197256904251788
3.2955490545929735,0.0014205027107279898
3.2962249815828573,0.0014212787854508463
3.2969009038293695,0.0014220540492565137
3.2975768213304417,0.001422828485169608
3.2982527340839503,0.0014236021103949084
3.2989286420877137,0.001424374929714777
3.2996045453396525,0.0014251469191302684
3.300280443837652,0.0014259180584772035
3.300956337579546,0.0014266882372531533
3.301632226563237,0.0014274574694217073
3.302308110786627,0.00142822585859137
3.302983990247557,0.001428993302906675
3.3036598649439193,0.0014297597702438991
3.3043357348736255,0.001430525260806627
3.3050116000345318,0.0014312898116161318
3.3056874604245117,0.0014320533437324097
3.3063633160414923,0.0014328158882182364
3.3070391668833423,0.001433577446283411
3.3077150129479187,0.001434338004853947
3.3083908542331613,0.0014350975233513483
3.3090666907369526,0.0014358560755414371
3.3097425224571335,0.0014366136072325412
3.310418349391654,0.0014373701036525673
3.3110941715384117,0.0014381255535148778
3.3117699888952385,0.0014388799180471204
3.3124458014600857,0.0014396332469316718
3.313121609230858,0.0014403855247180544
3.313797412205406,0.0014411366906528144
3.3144732103816565,0.0014418868116766244
3.3151490037575306,0.0014426357371899218
3.315824792330896,0.0014433835557951058
3.3165005760996573,0.0014441304440942547
3.317176355061749,0.0014448761070910967
3.31785212921506,0.0014456206221622376
3.3185278985574653,0.00144636402077014
3.31920366308692,0.001447106252691256
3.319879422801332,0.001447847365683642
3.3205551776985485,0.001448587337229477
3.321230927776541,0.001449326228675692
3.3219066730332227,0.0014500639981432954
3.322582413466458,0.0014508006038841865
3.323258149074193,0.0014515359636303995
3.323933879854357,0.0014522702107625065
3.324609605804837,0.0014530033292452437
3.325285326923546,0.0014537352541871182
3.3259610432084346,0.0014544660059306552
3.326636754657413,0.0014551955607754147
3.3273124612683564,0.0014559239712878531
3.327988163039241,0.00145665121130441
3.328663859967989,0.001457377384390285
3.3293395520524687,0.0014581023856538435
3.330015239290649,0.0014588261823518765
3.3306909216804637,0.0014595488923905143
3.331366599219808,0.0014602704447847369
3.332042271906611,0.0014609907095836912
3.3327179397388322,0.0014617098088132634
3.3333936027143896,0.001462427659397816
3.3340692608311735,0.0014631444255143876
3.3347449140871657,0.001463859980574229
3.335420562480301,0.0014645743673842857
3.336096206008462,0.0014652876171990829
3.3367718446696197,0.0014659997941276434
3.3374474784617245,0.0014667107477580198
3.3381231073826876,0.0014674206861944859
3.338798731430434,0.0014681294349154128
3.3394743506029405,0.001468837009449741
3.340149964898146,0.0014695434443223873
3.340825574313932,0.001470248672878105
3.3415011788483,0.001470952809606849
3.3421767784991934,0.0014716558423499093
3.342852373264522,0.0014723577450951012
3.343527963142238,0.001473058606905319
3.344203548130315,0.0014737583493072209
3.344879128226693,0.0014744569920104053
3.345554703429274,0.001475154585131962
3.3462302737360585,0.0014758511339828704
3.346905839145,0.0014765465880375943
3.3475813996540076,0.001477240863606233
3.3482569552610526,0.0014779341923650004
3.3489325059641097,0.0014786262983307373
3.3496080517611238,0.0014793174013407134
3.3502835926500087,0.0014800075175011574
3.35095912862877,0.0014806965287663496
3.3516346596953683,0.001481384561640501
3.352310185847718,0.0014820716037813144
3.3529857070838016,0.001482757566479857
3.3536612234015966,0.0014834425039537858
3.3543367347990567,0.001484126435381631
3.3550122412741032,0.0014848093955779009
3.355687742824747,0.0014854913897317792
3.356363239448956,0.001486172461427043
3.357038731144659,0.0014868525648557567
3.3577142179098325,0.0014875316648549305
3.3583896997424674,0.0014882097914500842
3.3590651766405317,0.0014888870433287886
3.3597406486019388,0.0014895634772244778
3.3604161156247154,0.0014902388071899304
3.3610915777068335,0.0014909132155360963
3.3617670348462396,0.001491586736810993
3.362442487040898,0.001492259389144941
3.363117934288817,0.0014929311222912668
3.3637933765879726,0.0014936021171033612
3.3645295376638855,0.0014942722622088786
3.3652049721638546,0.0014949415553200628
3.3658804017085626,0.0014956099510719304
3.3665558262960427,0.0014962775675353038
3.367231245924276,0.0014969444093227632
3.3679066605912262,0.0014976104418617847
3.3685820702948557,0.001498275706078469
3.3692574750331845,0.001498940171919996
3.369932874804199,0.0014996037957320072
3.3706082696058455,0.0015002666853741378
3.371283659436129,0.0015009287936453737
3.3719590442930545,0.001501590191353871
3.3726344241746102,0.0015022508203056818
3.3733097990787333,0.0015029107076647244
3.3739851690034626,0.0015035699331114696
3.3746605339467934,0.001504228484545235
3.3753358939067026,0.0015048863409767579
3.376011248881154,0.0015055435524268398
3.3766865988681842,0.001506200131674454
3.3773619438657883,0.001506856027755439
3.378037283871934,0.00150751118488677
3.3787126188846166,0.001508165700001121
3.379387948901862,0.0015088196979083596
3.3800632739216696,0.001509473040534547
3.3807385939419965,0.0015101257929400907
3.3814139089608704,0.0015107778836425836
3.382089218976307,0.001511429487408367
3.3827645239863084,0.0015120807168218428
3.3834398239888253,0.0015127313191784359
3.384115118981909,0.001513381275890302
3.3847904089635716,0.0015140307315275015
3.3854656939318093,0.0015146796474155583
3.3861409738845882,0.0015153279772485916
3.386816248819965,0.0015159759251417149
3.3874915187359464,0.0015166234189509032
3.3881667836305285,0.0015172702659174734
3.3888420435016973,0.0015179167066601757
3.3895172983475037,0.0015185627126138494
3.39019254816596,0.001519208328627965
3.390867792955056,0.00151985350018357
3.3915430327127987,0.0015204981549400975
3.392218267437233,0.0015211424432431263
3.3928934971263756,0.001521786278922825
3.3935687217782156,0.0015224297230232607
3.394243941390772,0.0015230727873212456
3.3949191559620906,0.001523715388039699
3.39559436549019,0.0015243576333011152
3.396269569973061,0.0015249994190222602
3.3969447694087327,0.0015256409889526934
3.3976199637952496,0.001526282163308706
3.3982951531306362,0.0015269229895070215
3.398970337412882,0.0015275634072217936
3.399645516640026,0.0015282035454998266
3.4003206908101142,0.0015288433625385007
3.400995859921174,0.0015294828043303085
3.4016710239711965,0.0015301219163077453
3.402346182958228,0.001530760831399656
3.403021336880317,0.001531399514894012
3.4036964857354928,0.0015320379195895562
3.4043716295217523,0.0015326761164392412
3.405046768237145,0.0015333138652282984
3.4057219018797205,0.0015339513119122258
3.4063970304475117,0.0015345886690427562
3.4070721539385254,0.0015352257100827587
3.407747272350805,0.0015358624626947814
3.4084223856824094,0.0015364990746906167
3.409097493931375,0.0015371353560410907
3.4097725970957145,0.0015377713892802851
3.4104476951734672,0.0015384071923524793
3.4111227881626993,0.0015390428044072813
3.4117978760614514,0.0015396784491703598
3.4124729588677436,0.0015403136622019896
3.413148036579611,0.0015409487657977016
3.4138231091951257,0.0015415836438120844
3.414498176712332,0.0015422182502505852
3.4151732391292606,0.0015428527260988988
3.415848296443938,0.001543487031915121
3.416523348654444,0.0015441211280386004
3.4171983957588283,0.0015447551245320566
3.417873437755134,0.0015453889259639945
3.4185484746413715,0.0015460224839154474
3.419223506415634,0.0015466559354524617
3.419898533075975,0.0015472893233533743
3.4205735546204448,0.0015479224781021217
3.4212485710470535,0.0015485554662499977
3.4219235823538914,0.0015491882094852468
3.422598588539021,0.0015498209143719667
3.423273589600495,0.001550453426314857
3.4239485855363414,0.0015510857411281335
3.424623576344629,0.0015517179928263246
3.425298562023433,0.0015523500782565142
3.4259735425708127,0.001552981976965687
3.4266485179848107,0.0015536137349867385
3.427323488263473,0.001554245166387432
3.427998453404893,0.0015548766296923325
3.4286734134071315,0.0015555079626083277
3.4293483682682493,0.001556139134882784
3.430023317986267,0.0015567701273766093
3.4306982625592948,0.0015574010282572933
3.431373201985399,0.0015580317600392747
3.432048136262644,0.001558662394274561
3.4327230653890637,0.0015592928784684012
3.433397989362746,0.001559923256490744
3.4340729081817734,0.0015605534536250903
3.4347478218442156,0.0015611835319712876
3.4354227303481277,0.0015618134627294626
3.4360976336915634,0.0015624431961263365
3.4367725318726254,0.0015630727739283485
3.437447424889388,0.001563702263266786
3.438122312739925,0.001564331565740671
3.4387971954222687,0.0015649606948811418
3.4394720729345303,0.0015655895916052173
3.44014694527479,0.0015662183997395933
3.440821812441126,0.00156684700741495
3.441496674431597,0.0015674755267220998
3.4421715312442718,0.0015681038014574568
3.442846382877255,0.0015687319280935318
3.4435212293286304,0.001569359903094792
3.444196070596478,0.0015699876921793855
3.4448709066788354,0.0015706152338084785
3.4455457375738234,0.0015712426163700932
3.4462205632795277,0.0015718698564193593
3.4468953837940353,0.0015724969396223223
3.4475701991154146,0.0015731238018394276
3.4482450092417345,0.0015737504195227356
3.4489198141711115,0.0015743768114924958
3.4495946139016334,0.0015750029792050973
3.4502694084313883,0.001575628922297999
3.450944197758431,0.0015762546200633204
3.451618981880871,0.001576880020325183
3.4522937607968127,0.00157750517733686
3.452968534504344,0.0015781300945106977
3.4536433030015554,0.0015787548314371348
3.454318066286501,0.0015793792377548866
3.4549928243573143,0.0015800033573856215
3.4556675772120875,0.0015806272312446456
3.4563423248489205,0.001581250742437095
3.4570170672658875,0.001581874031623544
3.457691804461076,0.001582496970200229
3.4583665364326075,0.0015831195933230634
3.4590412631785843,0.0015837419064178855
3.4597159846971013,0.0015843639408672581
3.4603907009862325,0.001584985565632596
3.4610654120440865,0.001585606763941811
3.461740117868781,0.0015862277082402231
3.46241481845842,0.001586848279952355
3.463089513811103,0.0015874684707742558
3.463764203924899,0.001588088278617816
3.4644388887979365,0.0015887077321056426
3.465113568428332,0.001589326736293574
3.4657882428141873,0.0015899453252323798
3.4664629119536103,0.0015905635320494274
3.4671375758446663,0.0015911812906763388
3.4678122344855,0.0015917986294354204
3.4684868878742234,0.0015924155320708002
3.4691615360089454,0.0015930319416846929
3.4698361788877725,0.001593647775728178
3.4705108165087775,0.0015942632473569258
3.471185448870111,0.0015948782432584124
3.4718600759698854,0.00159549283165171
3.4725346978062137,0.0015961069225888097
3.473209314377204,0.0015967203898571028
3.4738839256809366,0.001597333366161523
3.4745585317155645,0.0015979458025873194
3.4752331324792025,0.0015985576935115507
3.475907727969968,0.0015991690070152704
3.4765823181859745,0.0015997797816403574
3.4772569031253013,0.0016003899878277356
3.4779314827861088,0.0016009995402877296
3.4786060571665143,0.00160160841289686
3.4792806262646367,0.0016022167245198725
3.479955190078599,0.001602824432718346
3.480629748606479,0.0016034314416192167
3.48130430184644,0.0016040378553353707
3.481978849796605,0.001604643540979853
3.482653392455097,0.0016052484928423707
3.483327929820039,0.001605852802363518
3.4840024618895225,0.0016064564369121077
3.484676988661701,0.0016070592897661504
3.4853515101347052,0.001607661650101341
3.486026026306663,0.0016082629740478656
3.4867005371757016,0.0016088635984786998
3.4873750427399237,0.00160946345626622
3.488049542997469,0.0016100625568364437
3.488724037946481,0.001610660938889104
3.4893985275850903,0.001611258415275949
3.490073011911428,0.0016118550965852625
3.49074749092361,0.0016124509644245494
3.4914219646197595,0.0016130458456598705
3.4920964329980326,0.0016136398339744475
3.492770896056565,0.001614233062988091
3.493445353793488,0.001614825346942824
3.49411980620694,0.00161541670703175
3.4947942532950145,0.0016160071103108727
3.4954686950558886,0.0016165964892922607
3.4961431314876994,0.0016171849615754692
3.496817562588583,0.0016177725856867469
3.497491988356678,0.0016183591177000036
3.498166408790102,0.0016189446281912208
3.498840823887,0.0016195291359519287
3.4995152336455293,0.0016201125476710569
3.500189638063829,0.0016206949950831218
3.500864037140043,0.0016212762770938744
3.5015384308723077,0.0016218565835712617
3.5022128192587365,0.001622435737591887
3.5028872022975075,0.0016230138285246293
3.5035615799867634,0.0016235907796496329
3.504235952324651,0.0016241666103849026
3.5049103193093147,0.001624741294843059
3.5055846809388806,0.0016253147523716954
3.5062590372114983,0.0016258870927210649
3.5069333881253333,0.0016264582538331324
3.5076077336785314,0.0016270281777662652
3.508282073869245,0.0016275968368210036
3.50895640869562,0.0016281641867893423
3.509630738155775,0.0016287303920878354
3.51030506224789,0.0016292952727586048
3.5109793809701197,0.0016298588481722033
3.511653694320616,0.001630421100571081
3.5123280022975307,0.0016309821027218987
3.513002304899012,0.0016315417748466547
3.51367660212319,0.0016321001942249903
3.514350893968248,0.0016326573095025898
3.5150251804323416,0.0016332128822282852
3.515699461513627,0.0016337669632450168
3.5163737372102597,0.0016343197174876428
3.517048007520385,0.0016348710926093952
3.517722272442149,0.0016354210391363725
3.5183965319737327,0.0016359693502276528
3.519070786113296,0.0016365163079432163
3.519745034858998,0.0016370618395878174
3.5204192782089976,0.0016376059263873426
3.5210935161614416,0.0016381484765286061
3.5217677487144856,0.0016386894780780119
3.5224419758663124,0.0016392289210641797
3.5231161976150838,0.0016397667676754208
3.523790413958962,0.0016403029990027128
3.5244646248961127,0.0016408377011554176
3.525138830424685,0.00164137087765206
3.525813030542837,0.0016419023980766589
3.5264872252487556,0.0016424323326749723
3.5271614145406045,0.0016429605984866916
3.5278355984165537,0.0016434872585033378
3.528509776874768,0.001644012331230388
3.529183949913408,0.0016445357377808823
3.5298581175306256,0.0016450574079591
3.5305322797246146,0.0016455773215750934
3.5312064364935427,0.001646095454812077
3.5318805878355835,0.0016466119294401076
3.5325547337489063,0.001647126649737097
3.5332288742316806,0.0016476396304723948
3.533903009282049,0.0016481507123882926
3.5345771388982143,0.0016486600262732537
3.5352512630783517,0.0016491676484664743
3.5359253818206327,0.0016496734725053178
3.5365994951232325,0.0016501774104101274
3.5372736029843272,0.0016506796968603595
3.5379477054020683,0.001651179992858348
3.538621802374645,0.0016516783552897223
3.5392958939002432,0.0016521748847489527
3.53996997997704,0.0016526695666833138
3.540644060603214,0.0016531623262949302
3.5413181357769425,0.0016536531800903948
3.5419922054963977,0.001654142114664936
3.542666269759742,0.0016546291106884533
3.5433403285651783,0.0016551141516047436
3.544014381910889,0.0016555972269487998
3.544688429795054,0.0016560784001851258
3.5453624722158557,0.0016565575832106693
3.5460365091714756,0.0016570347579988433
3.5467105406600776,0.0016575099367073522
3.547384566679853,0.0016579830739342353
3.548058587228995,0.0016584541421489844
3.548732602305691,0.0016589233828157113
3.549406611908124,0.0016593904466688882
3.550080616034481,0.0016598554773424499
3.550754614682947,0.0016603185018770597
3.5514286078516815,0.0016607794407605416
3.5521025955388947,0.0016612382768425899
3.552776577742779,0.0016616950239762712
3.5534505544615227,0.0016621496844363736
3.5541245256933127,0.0016626022148940134
3.554798491436339,0.0016630526321281297
3.5554724516887926,0.0016635009040710962
3.5561464064488324,0.001663947111520438
3.5568203557146796,0.001664391160543062
3.5574942994845262,0.0016648330281416955
3.5581682377565627,0.001665272693080972
3.558842170528983,0.00166571029346938
3.559516097799979,0.0016661456411828732
3.5602513262891224,0.00166657883972266
3.560925244560614,0.0016670098238794353
3.561599157324984,0.0016674385455392462
3.5622730645804275,0.00166786511125608
3.562946966325135,0.0016682895194412345
3.563620862557284,0.0016687116803124982
3.564294753275096,0.0016691316064244548
3.564968638476766,0.0016695492507548212
3.565642518160495,0.001669964780016627
3.56631639232448,0.0016703781007832352
3.56699026096692,0.0016707891351996993
3.5676641240860136,0.0016711979837460594
3.5683379816799374,0.0016716045714107565
3.5690118337469126,0.0016720088566582394
3.5696856802851418,0.001672410969540654
3.57035952129283,0.00167281067474306
3.5710333567681753,0.0016732081305476
3.571707186709383,0.0016736033498991
3.5723810111146537,0.0016739963292864096
3.573054829982181,0.0016743870006638377
3.573728643310164,0.0016747753927209127
3.574402451096822,0.0016751615302254695
3.575076253340361,0.0016755453672551367
3.575750050038985,0.001675926892698726
3.576423841190901,0.0016763061282036083
3.577097626794315,0.0016766830603280446
3.5777714068474333,0.0016770576668505264
3.578445181348446,0.0016774299798800595
3.5791189502955687,0.0016777999856116236
3.57979271368702,0.0016781676972383102
3.580466471521008,0.001678533227235004
3.5811402237957415,0.0016788963846893132
3.58181397050943,0.0016792572054383564
3.5824877116602845,0.001679615799710482
3.583161447246515,0.0016799720310717097
3.583835177266311,0.0016803260264444625
3.5845089017179,0.0016806776851482975
3.5851826205995,0.001681027021423067
3.5858563339093217,0.0016813740717441844
3.5865300416455796,0.0016817187257684016
3.587203743806487,0.0016820611880795904
3.587877440390257,0.0016824012440723784
3.5885511313951035,0.0016827390023106004
3.589224816819224,0.001683074512626685
3.5898984966608443,0.0016834073687596752
3.5905721709181866,0.0016837383496558199
3.5912458395894675,0.0016840669984042069
3.591919502672903,0.0016843933198159924
3.5925931601667096,0.0016847173110481185
3.593266812069106,0.0016850390248805318
3.5939404583783094,0.0016853585246837657
3.594614099092533,0.001685675709708369
3.59528773420998,0.0016859905622911727
3.595961363728891,0.0016863031587333898
3.596634987647485,0.0016866135757772143
3.597308605963981,0.0016869217047651688
3.5979822186766,0.0016872275232443278
3.5986558257835646,0.0016875309981712384
3.599329427283093,0.0016878322507135495
3.6000030231734086,0.0016881312546949466
3.6006766134527193,0.00168842801617389
3.6013501981192517,0.0016887225672430396
3.602023777171239,0.0016890148746898485
3.6026973506069053,0.0016893049267420325
3.6033709184244715,0.0016895927844954909
3.6040444806221656,0.0016898783768767068
3.6047180371982095,0.0016901617135497101
3.6053915881508303,0.0016904427930423105
3.606065133478252,0.001690721649325173
3.606738673178688,0.001690998388923938
3.607412207250368,0.0016912728334734883
3.6080857356915286,0.001691545087796993
3.608759258500397,0.0016918152692539505
3.6094327756752,0.0016920833316946932
3.6101062872141667,0.0016923490682635635
3.6107797931155248,0.0016926125992106843
3.6114532933775028,0.0016928739671804615
3.6121267879983288,0.0016931332244676856
3.612800276976231,0.0016933903622942496
3.6134737603094247,0.001693645338386886
3.6141472379961566,0.0016938982160220107
3.6148207100346585,0.0016941489052085922
3.615494176423162,0.001694397481904372
3.616167637159898,0.0016946439606993166
3.616841092243099,0.0016948883567814129
3.617514541670996,0.0016951305863723667
3.6181879854418226,0.0016953706272501677
3.618861423553812,0.0016956086653989318
3.619534856005188,0.001695844625657159
3.6202082827941817,0.0016960784891911769
3.62088170391904,0.0016963102390605636
3.6215551193779962,0.0016965399679116614
3.622228529169287,0.0016967676119329536
3.6229019332911467,0.0016969931868327948
3.6235753317418102,0.001697216709219829
3.624248724519515,0.0016974381316595046
3.6249221116224972,0.0016976575930777297
3.6255954930489924,0.0016978751753866286
3.626268868797235,0.0016980906582595631
3.626942238865451,0.0016983041093648948
3.627615603251893,0.001698515551591591
3.6282889619548007,0.0016987250596538575
3.6289623149724104,0.001698932578010651
3.629635662302964,0.0016991382020984222
3.6303090039446997,0.001699341902973253
3.630982339895856,0.0016995436008190646
3.6316556701546747,0.001699743300476563
3.632328994719395,0.0016999410645505586
3.633002313588258,0.0017001368637399872
3.633675626759497,0.0017003307852214845
3.6343489342313506,0.0017005228139820403
3.635022236002072,0.0017007129931204063
3.635695532069902,0.0017009011293557515
3.6363688224330843,0.0017010873101325193
3.637042107089862,0.0017012716611926474
3.637715386038476,0.0017014540816864172
3.6383886592771724,0.0017016346043511221
3.6390619268041937,0.0017018134275266507
3.639735188617784,0.0017019902001339155
3.640408444716189,0.0017021652326301797
3.6410816950976517,0.0017023383800367244
3.641754939760402,0.0017025097772929631
3.6424281787027004,0.0017026792774987509
3.643101411922795,0.0017028469303954046
3.6437746394189308,0.0017030129034378142
3.6444478611893545,0.0017031769891475814
3.645121077232314,0.0017033394223650653
3.6457942875460545,0.0017035000382795947
3.646467492128824,0.001703658944590223
3.647140690978871,0.0017038160518899385
3.647813884094443,0.001703971360153055
3.6484870714737903,0.0017041249016374203
3.6491602531151583,0.0017042766971052236
3.6498334290167818,0.0017044267914988196
3.650506599176925,0.0017045751232479937
3.6511797635938383,0.0017047217238996659
3.651852922265774,0.0017048665437458031
3.6525260751909783,0.0017050096084859597
3.6531992223677037,0.0017051510076942042
3.653872363794202,0.0017052907117622862
3.6545454994687216,0.0017054289302727216
3.6552186293895175,0.0017055653471707225
3.6558917535548394,0.0017057001323262852
3.656564871962939,0.0017058332164406123
3.65723798461207,0.001705964689271528
3.657911091500484,0.0017060944829172797
3.65858419262642,0.0017062226019320954
3.659257287988144,0.001706349066631969
3.6599303775839127,0.0017064738759406425
3.660603461411976,0.0017065971380280812
3.661276539470591,0.001706718815621362
3.6619496117580117,0.001706838834722606
3.6626226782724913,0.0017069572351782495
3.6632957390122862,0.0017070740077756274
3.6639687939756502,0.0017071892617424962
3.6646418431608403,0.0017073029129162486
3.665314886566112,0.0017074150184817193
3.665987924189721,0.0017075255660065035
3.666660956029923,0.0017076343499774157
3.6673339820849753,0.0017077417197173647
3.668007002353125,0.0017078473338279488
3.6686800168326337,0.001707951627041051
3.6693530255217643,0.0017080543724613928
3.6700260284187745,0.0017081555915722433
3.67069902552192,0.0017082551457076622
3.6713720168294626,0.0017083532685226246
3.6720450023396576,0.001708449829927222
3.672717982050765,0.0017085449453084559
3.6733909559610436,0.0017086385514407398
3.674063924068752,0.0017087307200459399
3.6747368863721506,0.0017088213251046666
3.6754098428694992,0.0017089104493378448
3.6760827935590568,0.001708998081836052
3.6767557384390837,0.0017090842445774655
3.6774286775078404,0.0017091688563987844
3.6781016107635884,0.0017092519812195665
3.6787745382045753,0.0017093336672981164
3.6794474598290754,0.001709413847634915
3.6801203756353487,0.001709492570259055
3.680793285621658,0.0017095698088855358
3.681466189786266,0.0017096456213476143
3.682139088127433,0.0017097199420839945
3.682811980643422,0.001709792848810635
3.683484867332497,0.0017098643731491988
3.6841577481929186,0.0017099345215739604
3.6848306232229513,0.0017100031818605788
3.6855034924208585,0.0017100703546908023
3.6861763557849017,0.0017101362206644528
3.6868492133133475,0.0017102005513032449
3.687522065004458,0.0017102633622579889
3.688194910856498,0.0017103247859655462
3.6888677508677308,0.0017103848364441651
3.6895405850364233,0.0017104435010349504
3.690213413360837,0.0017105006703458515
3.6908862358392285,0.0017105564974211568
3.6915590524698754,0.001710610777601225
3.6922318632510396,0.0017106637999664538
3.6929046681809887,0.0017107154380619216
3.693577467257989,0.0017107656157861783
3.6942502604803056,0.0017108144845605442
3.6949230478462054,0.0017108619157832944
3.6955958293539544,0.0017109080285876781
3.6962686050018196,0.0017109527284536914
3.696941374788068,0.001710996045559987
3.697614138710966,0.0017110380751373814
3.6982868967687823,0.0017110786750160556
3.6989596489597845,0.0017111179174615734
3.6996323952822374,0.0017111558823552297
3.700305135734412,0.0017111923743666723
3.7009778703145746,0.001711227484320419
3.7016505990209954,0.001711261180211221
3.7023233218519414,0.0017112935438874412
3.7029960388056806,0.0017113245095780635
3.7036687498804834,0.0017113541854472014
3.704341455074618,0.0017113825018735083
3.7050141543863475,0.0017114094300348828
3.7056868478139453,0.0017114349560868676
3.7063595353556833,0.0017114592091507913
3.707032217009832,0.0017114820505753105
3.7077048927746588,0.0017115035346837873
3.708377562648437,0.0017115236754703647
3.709050226629436,0.0017115425088833763
3.709722884715925,0.0017115599373742473
3.7103955369061743,0.0017115761066875989
3.7110681831984573,0.001711590914360017
3.7117408235910427,0.0017116044785286733
3.712413458082203,0.001711616579641186
3.7130860866702085,0.001711627365298425
3.7137587093533297,0.0017116367596024106
3.7144313261298403,0.001711644807432917
3.7151039369980112,0.0017116513954633136
3.715776541956114,0.001711656754215201
3.7164491410024216,0.0017116606964857049
3.717121734135205,0.001711663368342957
3.7177943213527382,0.001711664727165758
3.8234652818286623,0.0018140272315562364
3.8241369122026283,0.0018140261656846347
3.8248085363871818,0.001814024064240294
3.8254801543805996,0.0018140209816354647
3.826151766181157,0.0018140167698799648
3.8268233717871323,0.0018140114722968192
3.8274949711968005,0.0018140050366483276
3.8281665644084377,0.0018139976001765076
3.828838151420322,0.00181398914314263
3.8295097322307265,0.0018139795730949119
3.8301813068379316,0.0018139688715957006
3.8308528752402085,0.001813957131729902
3.831524437435836,0.001813944335747283
3.832195993423089,0.0018139304432349594
3.8328675432002437,0.0018139154876317825
3.8335390867655734,0.0018138994551432632
3.8342106241173557,0.00181388232095957
3.8348821552538643,0.001813864173471579
3.835553680173376,0.001813844958164615
3.836225198874163,0.0018138247051466944
3.8368967113545036,0.0018138033261025693
3.8375682176126706,0.0018137809443031963
3.838239717646938,0.001813757440555026
3.8389112114555757,0.001813732856676116
3.83958269903686,0.0018137072089569961
3.8402541803890666,0.0018136804526100673
3.8409256555104725,0.0018136526266631706
3.8415971243993496,0.0018136237549775346
3.842268587053974,0.0018135938126353343
3.842940043472618,0.0018135627822314922
3.8436114936535546,0.0018135306703831362
3.844282937595058,0.001813497561099939
3.844954375295401,0.001813463384795032
3.845625806752857,0.0018134281322539452
3.8462972319656985,0.0018133917672582126
3.8469686509322005,0.0018133543207169988
3.8476400636506334,0.0018133158011658314
3.8483114701192687,0.0018132762100850994
3.848982870336381,0.0018132355393281293
3.8496542643002427,0.0018131938000472464
3.850325652009124,0.001813150839845068
3.8509970334612973,0.0018131069153171453
3.851668408655023,0.001813061996694547
3.8523397775885857,0.001813015897947886
3.8530111402602545,0.0018129686889281728
3.8536824966683016,0.001812920409242132
3.854353846810999,0.0018128711350524737
3.855025190686617,0.0018128207747051149
3.855696528293426,0.0018127693693932457
3.8563678596296964,0.0018127168692337148
3.8570391846937,0.0018126633352760063
3.8577105034837067,0.001812608582808617
3.8583818159979844,0.001812552791287494
3.8590531222348052,0.001812496005292422
3.8597244221924387,0.001812438060340315
3.8603957158691533,0.001812379059767901
3.8610670032632215,0.0018123189522371683
3.8617382843729082,0.001812257814867509
3.8624095591964736,0.0018121956132979306
3.8630808277321953,0.0018121323995020147
3.8637520899783437,0.0018120679759132466
3.8644233459331874,0.001812002484336222
3.8650945955949947,0.0018119359039869322
3.865765838962034,0.0018118682384298298
3.866437076032573,0.001811799454173467
3.8671083068048797,0.001811729566969359
3.8677795312772214,0.0018116585869261388
3.8684507494478657,0.0018115865416785182
3.869121961315079,0.0018115133860502714
3.8697931668771295,0.0018114392464929799
3.870464366132282,0.0018113639835534736
3.871135559078804,0.001811287669425394
3.8718067457149568,0.0018112102800064225
3.872477926039002,0.0018111318324185268
3.8731491000492153,0.0018110522669520484
3.873820267743861,0.0018109716890249835
3.874491429121208,0.001810889982702685
3.875162584179518,0.0018108072289741248
3.8758337329170565,0.0018107234177711705
3.8765048753320905,0.0018106385426327341
3.877176011422883,0.0018105526270794387
3.8778471411876985,0.0018104656349064842
3.878518264624802,0.0018103775646329465
3.879189381732458,0.0018102885118237808
3.879860492508928,0.001810198304731752
3.8805315969524767,0.0018101070096162508
3.8812026950613507,0.001810014731088628
3.8818737868338324,0.0018099214247887846
3.8825448722681797,0.0018098270487410003
3.8832159513626583,0.0018097315995078288
3.883887024115531,0.0018096350947559593
3.8845580905250574,0.001809537547891968
3.8852291505895007,0.001809439007126937
3.885900204307123,0.0018093393701174706
3.8865712516761874,0.0018092387492517667
3.887242292694953,0.001809137096081553
3.8879133273616797,0.0018090344504491118
3.888584355674629,0.0018089307482258947
3.889255377632052,0.0018088260418460723
3.8899263932322135,0.0018087202766739626
3.8905974024733774,0.0018086135303751122
3.891268405353806,0.001808505770374718
3.891939401871757,0.0018083969342899413
3.8926103920254906,0.0018082871452540189
3.8932813758132663,0.001808176359998782
3.8939523532333413,0.0018080645981324416
3.894623324283976,0.0018079518625463
3.895294288963427,0.0018078381369732502
3.8959652472699533,0.0018077233766189448
3.8966361992018106,0.0018076076994182992
3.8973071447572396,0.0018074909588530154
3.897978083934517,0.0018073732788893551
3.8986490167318983,0.0018072546767088572
3.8993199431476406,0.0018071350896696576
3.8999908631799998,0.001807014590056763
3.9006617768272336,0.0018068931745137272
3.901332684087595,0.0018067708357830821
3.9020035849593415,0.00180664754817738
3.902674479440728,0.0018065233179818314
3.90334536753001,0.0018063980940377833
3.9040162492254398,0.0018062719904423997
3.904687124525255,0.0018061449685668719
3.905357993427729,0.0018060171030407197
3.9060288559311176,0.0018058882787811198
3.9066997120336713,0.0018057586325295105
3.9073705617336434,0.0018056280773138971
3.9080414050292887,0.0018054966858078168
3.90871224191886,0.0018053643959552274
3.9093830724006073,0.0018052312211719304
3.9100538964727853,0.0018050972158073252
3.910724714133646,0.001804962382785547
3.9113955253814217,0.0018048265882247385
3.9120663302143797,0.0018046900894948192
3.9127371286307717,0.0018045527513172797
3.913407920628852,0.0018044145479530827
3.9140787062068676,0.001804275589971798
3.914749485363071,0.0018041358358137083
3.9154202580957107,0.0018039954430284625
3.916091024403037,0.0018038541607074056
3.9167617842832985,0.0018037120924569877
3.917432537734745,0.0018035693211231618
3.918103284755603,0.0018034257362856407
3.9187740253441423,0.001803281448346756
3.9194447594986097,0.00180313641895507
3.9201154872172537,0.0018029906733375953
3.9207862084983236,0.001802844094829776
3.9214569233400636,0.0018026968350569551
3.922127631740722,0.001802548873964642
3.922798333698543,0.0018024002723482928
3.923469029211776,0.001802251010242854
3.924139718278654,0.001802101026922665
3.924810400897421,0.001801950496432434
3.925481077066335,0.001801799277044532
3.9260893871067823,0.001801647424887675
3.9267600484681333,0.0018014949382855648
3.9274307033744615,0.0018013418959217428
3.928101351824015,0.0018011881863114546
3.928771993815044,0.0018010338792001565
3.929442629345795,0.0018008790506886159
3.9301132584145075,0.0018007236414223173
3.9307838810194258,0.0018005676378677696
3.9314544971587906,0.0018004111110297538
3.932125106830844,0.0018002540145355423
3.932795710033827,0.0018000963883774955
3.9334663067659634,0.0017999382270461124
3.934136897025502,0.001799779591116224
3.934807480810691,0.001799620443076595
3.935478058119771,0.0017994608847584335
3.93614862895098,0.0017993007548576022
3.9368191933025565,0.0017991402230215447
3.937489751172742,0.0017989791838358658
3.938160302559771,0.0017988177156078233
3.9388308474618854,0.0017986557470129156
3.9395013858772954,0.0017984937339022057
3.9401719178042636,0.0017983310530121468
3.940842443241027,0.0017981680689604766
3.9415129621858216,0.0017980044733783619
3.942183474636885,0.0017978407263720619
3.9428539805924507,0.0017976766368503368
3.943524480050756,0.0017975121923941345
3.944194973010035,0.0017973474052461432
3.9448654594685086,0.0017971823093225257
3.9455359394244134,0.0017970169568848446
3.9462064128759966,0.0017968513366364918
3.94687687982149,0.0017966854425735255
3.947547340259126,0.001796519241272035
3.9482177941871406,0.0017963527930146277
3.948888241603763,0.0017961861174083994
3.9495586825072264,0.0017960192289353783
3.9502291168957475,0.0017958521381450235
3.9508995447675614,0.0017956848193668635
3.9515699661209096,0.0017955172715613647
3.9522403809540254,0.0017953495401576605
3.952910789265133,0.0017951816768844268
3.9535811910524683,0.0017950136366429146
3.9542515863142578,0.0017948454492111878
3.9549219750487303,0.0017946771251946966
3.9555923572540963,0.0017945086839117374
3.9562627329285935,0.0017943401747517122
3.956933102070461,0.0017941715465613266
3.957603464677921,0.001794002834433363
3.958273820749205,0.0017938339963781513
3.9589441702825368,0.0017936651110792648
3.9596145132761453,0.0017934961999107222
3.9602848497282506,0.001793327244246105
3.960955179637057,0.0017931582762571781
3.961625503000814,0.0017929892684777117
3.962295819817747,0.001792820308483796
3.9629661300860795,0.0017926513553026993
3.963636433804037,0.001792482462464418
3.964306730969839,0.0017923135242655032
3.9649770215817113,0.0017921446727237073
3.965647305637858,0.0017919758816724162
3.966317583136508,0.0017918069770575381
3.9669878540758936,0.0017916382667354206
3.967658118454236,0.0017914696550662774
3.9683283762697563,0.0017913010961086598
3.9689986275206746,0.0017911326471610994
3.9696688722052107,0.0017909642521616053
3.9703391103215733,0.001790795948462053
3.971009341867975,0.001790627838881599
3.9716795668426506,0.001790459864685444
3.9723497852438197,0.0017902920816371814
3.9730199970697,0.0017901243738077408
3.9736902023185103,0.001789956867910424
3.9743604009884637,0.0017897895119835393
3.9750305930777725,0.0017896223580332916
3.9757007785846366,0.0017894554118163004
3.976370957507294,0.001789288661152831
3.977041129843962,0.0017891220814179962
3.9777112955928513,0.001788955698018721
3.978381454752178,0.0017887895439262689
3.9790516073201574,0.0017886236188295645
3.97972175329499,0.0017884579145240292
3.980391892674882,0.0017882924248113117
3.9810620254580624,0.001788127234346812
3.9817321516427446,0.0017879622959553732
3.9824022712271407,0.0017877975764001785
3.9830723842094615,0.0017876331732648888
3.983742490587919,0.0017874689639666586
3.984412590360705,0.0017873050534472237
3.9850826835260307,0.001787141408844874
3.985752770082122,0.0017869779961264788
3.9864228500271848,0.0017868148848837605
3.9870929233594317,0.0017866520867893486
3.9877629900770675,0.0017864895320602733
3.988433050178299,0.001786327356174787
3.989103103661308,0.0017861655014325408
3.9897731505243215,0.001786003988494807
3.9904431907655527,0.0017858427269884707
3.9911132243832057,0.0017856818039703993
3.9917832513754856,0.0017855212285243455
3.9924532717405956,0.001785360926692724
3.993123285476731,0.0017852010129472164
3.993793292582084,0.0017850414231620922
3.9944632930548787,0.0017848821600582392
3.995133286893319,0.0017847232529483868
3.995803274095606,0.0017845646699688033
3.9964732546599406,0.0017844063700988694
3.997143228584527,0.0017842485041730622
3.99781319586753,0.0017840909394077496
3.998483156507184,0.0017839336960750634
3.9991531105016866,0.0017837768262814887
3.9998230578492397,0.0017836203506083536
4.000492998548041,0.0017834641469585018
4.001162932596289,0.0017833083582690658
4.001832859992159,0.0017831528716627505
4.002502780733858,0.0017829977756169514
4.003172694819596,0.0017828429917658018
4.003842602247568,0.001782688586527276
4.004512503015969,0.001782534634081009
4.005182397122998,0.0017823808617353492
4.005852284566828,0.0017822275127074925
4.006522165345655,0.0017820745258543894
4.00719203945769,0.0017819218437672
4.007861906901126,0.0017817694987619901
4.008531767674158,0.0017816174906637463
4.009201621774972,0.0017814658697648943
4.00987146920175,0.001781314422294222
4.010541309952677,0.001781163424036115
4.011211144025961,0.0017810127788200666
4.011880971419798,0.0017808624505659806
4.0125507921323695,0.001780712505519901
4.013220606161871,0.0017805627386052684
4.013890413506473,0.0017804134474842907
4.014560214164358,0.0017802643916447133
4.015230008133736,0.0017801154844582126
4.015899795412793,0.0017799669476855047
4.016569575999715,0.001779818836267589
4.017239349892687,0.0017796710403829232
4.017909117089872,0.0017795234817438743
4.018578877589466,0.0017793761125688714
4.019248631389664,0.0017792291754319038
4.019918378488651,0.0017790824234483326
4.020588118884611,0.001778936054586845
4.021257852575725,0.0017787899987259798
4.021927579560145,0.0017786440966709668
4.022597299836076,0.0017784984437003428
4.023267013401708,0.001778353157284971
4.023936720255219,0.0017782080647635071
4.024606420394789,0.0017780632318176316
4.0252761138185935,0.001777918601653064
4.025945800524784,0.0017777742393109502
4.026615480511569,0.0017776301536264285
4.02728515377713,0.0017774863098009585
4.027954820319639,0.0017773423972451325
4.028624480137276,0.0017771990367591213
4.0292941332281975,0.001777055754211075
4.02996377959058,0.001776912412758679
4.0306334192226165,0.0017767693352196785
4.031303052122479,0.0017766264855883433
4.031972678288344,0.0017764838766990414
4.032642297718386,0.0017763414098622735
4.033311910410736,0.001776199035306542
4.033981516363603,0.0017760568423869656
4.034651115575164,0.0017759148164140511
4.035320708043588,0.001775772866856469
4.035990293767042,0.001775630908243951
4.0366598727436775,0.0017754892978288652
4.037329444971667,0.001775347806894412
4.037999010449195,0.0017752063462705217
4.038668569174432,0.0017750650071972106
4.039338121145545,0.0017749237381091286
4.040007666360694,0.0017747826160571546
4.040677204818017,0.0017746415484958152
4.041346736515717,0.001774500467770855
4.042016261451952,0.0017743596859397383
4.042685779624894,0.0017742188324523542
4.043355291032703,0.0017740779394120204
4.044024795673509,0.0017739370984916306
4.044694293545502,0.0017737963662464117
4.045363784646853,0.0017736556002895172
4.04603326897572,0.001773514825783063
4.046702746530266,0.0017733740584314948
4.047372217308624,0.001773233282988632
4.048041681308968,0.0017730925017458642
4.048711138529467,0.001772951790236889
4.049380588968284,0.0017728109926146093
4.050050032623575,0.0017726702186424271
4.050719469493479,0.0017725293740729676
4.051388899576148,0.0017723888366592312
4.052058322869762,0.0017722477998774989
4.052727739372474,0.0017721067219297292
4.053397149082442,0.0017719656646758176
4.054066551997806,0.0017718244079828083
4.054735948116704,0.0017716830954734749
4.0554053374373185,0.0017715416624281555
4.056074719957801,0.0017714000983679098
4.056744095676301,0.0017712584758553314
4.057413464590963,0.0017711167165083575
4.058082826699915,0.0017709749107358383
4.058752182001339,0.0017708329152873643
4.059421530493383,0.0017706907482875514
4.0600908721741975,0.0017705484913081294
4.060760207041918,0.0017704059312238858
4.061429535094674,0.001770263372636127
4.062098856330639,0.0017701206159608785
4.062768170747962,0.0017699776244927091
4.06343747834479,0.001769834430512995
4.0641067791192516,0.0017696911131399808
4.064776073069478,0.001769547646269108
4.065445360193639,0.0017694039715313809
4.06611464048988,0.0017692600813343118
4.066783913956341,0.001769116043030525
4.067453180591147,0.0017689717602201126
4.068122440392433,0.0017688273345353512
4.068791693358364,0.0017686826043084702
4.069460939487079,0.0017685376172984595
4.070130178776716,0.001768392447717929
4.070799411225391,0.0017682473718147393
4.071468636831246,0.0017681016153859499
4.0721378555924375,0.001767955662397123
4.072807067507103,0.001767809447959437
4.0734762725733775,0.001767663040276335
4.074145470789361,0.0017675163289728256
4.074814662153213,0.0017673693682656456
4.075483846663078,0.0017672220916113322
4.076153024317089,0.0017670745028611845
4.076822195113375,0.0017669266249670276
4.077491359050028,0.0017667784337771777
4.078160516125225,0.001766630014890916
4.078829666337092,0.0017664812370725713
4.07949880968376,0.00176633269308475
4.0801679461633436,0.0017661834121341386
4.080837075773956,0.0017660337481011045
4.081506198513757,0.0017658837446428927
4.082175314380871,0.0017657334545998899
4.082844423373427,0.001765582668088892
4.083513525489513,0.0017654315888047483
4.08418262072728,0.001765280202467684
4.084851709084865,0.0017651284434214258
4.085520790560387,0.0017649763376006624
4.086189865151966,0.0017648238771506613
4.086858932857691,0.0017646712329389865
4.087527993675722,0.0017645180933298819
4.088197047604182,0.001764364671215767
4.0888660946411886,0.001764210904791125
4.089535134784835,0.0017640566982464092
4.090204168033249,0.0017639022023857853
4.09087319438457,0.001763747229575152
4.091542213836911,0.0017635919977007032
4.092211226388387,0.0017634363716078204
4.092880232037077,0.0017632802609522118
4.093549230781138,0.0017631238377419423
4.094218222618682,0.0017629670742565081
4.094887207547828,0.0017628099926862582
4.095556185566654,0.0017626525611797444
4.096225156673291,0.001762494599773362
4.096894120865863,0.0017623364710265196
4.0975630781424845,0.0017621777814244503
4.098232028501253,0.0017620187363956263
4.098900971940255,0.0017618593205575327
4.0995699084576325,0.001761699469194638
4.1002388380514985,0.0017615391682311871
4.100907760719956,0.0017613785235882514
4.101576676461075,0.001761217485536923
4.102245585272992,0.0017610564822402623
4.102914487153822,0.001760894680918982
4.103583382101667,0.001760732425433184
4.1042522701146105,0.0017605698800304598
4.104921151190754,0.0017604068430629308
4.105590025328224,0.0017602434264828242
4.106258892525122,0.001760080124545818
4.10692775277954,0.001759915766477033
4.107596606089548,0.0017597510798564977
4.108265452453287,0.0017595859933798776
4.108934291868853,0.0017594204678433238
4.109603124334347,0.0017592545835311958
4.11027194984782,0.0017590881600678214
4.11094076840741,0.0017589213213872982
4.111609580011214,0.0017587541057120983
4.1122783846573325,0.0017585865008272576
4.112947182343824,0.0017584188994576207
4.113615973068797,0.0017582504136703062
4.114284756830365,0.0017580819409685469
4.1149535336266165,0.0017579125554218963
4.115622303455623,0.0017577427571173175
4.116291066315469,0.001757572573579538
4.116959822204274,0.0017574019387774128
4.117628571120124,0.0017572310788336234
4.1182973130610945,0.0017570598680510395
4.118966048025253,0.0017568878970024213
4.11963477601072,0.001756715483401507
4.120303497015583,0.0017565425136542967
4.12097221103792,0.0017563691647397655
4.12164091807578,0.0017561954144089443
4.12230961812729,0.0017560212844473571
4.122978311190533,0.0017558465292893365
4.123646997263587,0.0017556714183358745
4.124315676344492,0.001755495862188797
4.124984348431372,0.0017553198515681706
4.125653013522313,0.0017551436780703195
4.126321671615389,0.0017549672931931896
4.12699032270863,0.0017547898279833005
4.127658966800164,0.0017546119523358691
4.128327603888069,0.0017544335686470343
4.128996233970419,0.001754254693191297
4.129664857045243,0.0017540753728313514
4.130333473110659,0.0017538955734291506
4.131002082164747,0.0017537152020761987
4.131670684205578,0.0017535343453622082
4.132339279231175,0.00175335304857845
4.133007867239656,0.0017531712898394022
4.133676448229094,0.0017529890860479842
4.134345022197563,0.001752806481734909
4.135013589143076,0.001752623167351388
4.135682149063752,0.0017524392325574114
4.136350701957661,0.0017522546894413996
4.1370192478228685,0.0017520696647469304
4.137687786657389,0.0017518841017212395
4.138356318459341,0.0017516980552209761
4.139024843226784,0.0017515116198797789
4.139693360957785,0.0017513246673185121
4.140361871650357,0.0017511368349555183
4.141030375302611,0.0017509486848517595
4.1416988719126095,0.0017507599833870519
4.142367361478404,0.0017505705622364925
4.143035843998017,0.0017503806430762669
4.143704319469552,0.0017501902472754753
4.144372787891067,0.0017499991845201265
4.145041249260604,0.0017498074003523838
4.1457097035761965,0.0017496150712998772
4.14637815083594,0.0017494220857710986
4.147046591037887,0.0017492286773637734
4.147715024180065,0.0017490343518055422
4.148383450260525,0.001748839673988952
4.1489888665448476,0.0017486441678535344
4.149657276613478,0.0017484480542580645
4.150325679614591,0.0017482513155767782
4.150994075546233,0.0017480537002345798
4.151662464406417,0.001747855639799873
4.15233084619321,0.0017476568000446223
4.152999220904678,0.001747457350402781
4.153667588538863,0.0017472570803217181
4.154335949093766,0.0017470561710099825
4.155004302567471,0.0017468545967258644
4.155672648958031,0.0017466522231921228
4.1563409882634765,0.0017464491171428065
4.157009320481815,0.0017462452387104475
4.1576776456111295,0.001746041184157656
4.158345963649465,0.001745836005103407
4.159014274594834,0.0017456298910456956
4.159682578445269,0.0017454230107607402
4.160350875198837,0.0017452153554085054
4.161019164853578,0.0017450067930968444
4.161687447407485,0.0017447973582281936
4.162355722858621,0.0017445877585417914
4.163023991205032,0.0017443767369745837
4.163692252444752,0.0017441648079815706
4.16436050657576,0.0017439524366468207
4.165028753596144,0.001743738696992261
4.165696993503933,0.001743524152830272
4.1663652262971365,0.0017433087750661203
4.1670334519737695,0.0017430923814614715
4.167701670531896,0.0017428749316363964
4.168369881969543,0.0017426565565203183
4.169038086284694,0.0017424380626149185
4.169706283475403,0.0017422179592285227
4.17037447353971,0.001741996835516096
4.171042656475632,0.0017417747748976213
4.171710832281149,0.0017415516349345102
4.172379000954331,0.0017413275208902229
4.173047162493204,0.0017411028780489632
4.173715316895753,0.001740876534975786
4.174383464160005,0.0017406493478515986
4.175051604284005,0.0017404211233223862
4.175719737265768,0.0017401918224817896
4.1763878631032565,0.0017399614529864543
4.177055981794544,0.0017397303476789177
4.177724093337643,0.0017394975589439293
4.178392197730545,0.0017392636483506538
4.179060294971255,0.0017390287511185522
4.179728385057819,0.0017387925655918822
4.180396467988248,0.0017385552100645364
4.181064543760501,0.001738316696797179
4.181732612372633,0.0017380769020513042
4.18240067382266,0.0017378357705164422
4.183068728108569,0.001737593367263107
4.18373677522835,0.0017373497787513941
4.184404815180048,0.0017371048845175082
4.185072847961669,0.0017368586157603093
4.185740873571162,0.0017366111233498352
4.18640889200658,0.001736362287674743
4.187076903265931,0.0017361120670838048
4.187744907347189,0.0017358606534891303
4.1884129042483496,0.00173560769878039
4.189080893967446,0.001735353387860425
4.189748876502477,0.0017350980554513343
4.190416851851381,0.001734841125171368
4.191084820012215,0.0017345825712153334
4.1917527809829735,0.0017343225744300794
4.192420734761622,0.0017340610783037017
4.1930886813461585,0.0017337981887710417
4.193756620734605,0.0017335336914810538
4.194424552924947,0.0017332678231111423
4.1950924779151295,0.0017330002946765557
4.195760395703197,0.0017327311441219112
4.196428306287141,0.0017324605080690904
4.1970962096649025,0.0017321882049100297
4.1977641058345,0.0017319146928669266
4.198431994793937,0.0017316391329543729
4.199099876541178,0.0017313622470649566
4.199767751074189,0.0017310835148776921
4.200435618390994,0.0017308032001152299
4.201103478489578,0.0017305214758594825
4.201771331367864,0.0017302377779385252
4.202439177023889,0.0017299523588531558
4.2031070154556405,0.0017296651387568639
4.20377484666105,0.0017293761622292857
4.204442670638121,0.0017290855012547766
4.205110487384851,0.0017287934661347636
4.205778296899196,0.0017284993455780285
4.206446099179113,0.001728203406829023
4.2071138942226165,0.001727905659895381
4.207781682027678,0.0017276060897234433
4.2084494625922115,0.0017273046662021094
4.209117235914253,0.0017270015998568735
4.209785001991771,0.0017266964691028768
4.21045276082269,0.001726389420728815
4.211120512405009,0.0017260805527378187
4.211788256736713,0.0017257697996092265
4.212455993815739,0.0017254572807055871
4.213123723640051,0.0017251426360140108
4.2137914462076465,0.001724826230455017
4.214459161516477,0.001724507722262987
4.21512686956447,0.0017241872782061515
4.2157945703496384,0.0017238653569782365
4.216462263869941,0.0017235409807128657
4.217129950123279,0.0017232144765804665
4.21779762910767,0.001722886430893945
4.2184653008210775,0.001722556034187546
4.21913296526141,0.001722223607767039
4.219800622426654,0.001721889205261337
4.220468272314785,0.0017215527696430343
4.221135914923721,0.0017212141998889706
4.221803550251419,0.001720873782567626
4.222471178295866,0.0017205311028475063
4.223138799054987,0.001720186266466607
4.2238064125267165,0.0017198393855158397
4.224474018709043,0.001719490444645086
4.225141617599909,0.0017191393189067829
4.225809209197216,0.0017187861590556325
4.226476793498965,0.0017184308612805297
4.227144370503101,0.0017180734950362434
4.227811940207508,0.001717714193014683
4.228479502610192,0.0017173527767645022
4.229147057709096,0.0017169890015436649
4.229814605502107,0.0017166231021208606
4.230482145987211,0.0017162549801334164
4.23114967916236,0.0017158848700633542
4.231817205025444,0.0017155124642819605
4.232484723574428,0.0017151379063742869
4.233152234807273,0.001714761201834685
4.233819738721869,0.0017143822158163368
4.234487235316166,0.0017140011128706847
4.235154724588128,0.0017136179227201806
4.235822206535651,0.0017132324994075453
4.236489681156668,0.0017128449545125125
4.2371571484491435,0.001712455157477096
4.237824608410978,0.001712063167410705
4.238492061040092,0.0017116689116235518
4.239159506334451,0.001711272446823336
4.239826944291957,0.0017108740385661095
4.240494374910519,0.00171047337353039
4.241161798188104,0.0017100705262603918
4.241829214122616,0.0017096658589728325
4.242496622711949,0.0017092586414506035
4.243164023954072,0.0017088493806975396
4.243831417846892,0.0017084377903590436
4.244498804388292,0.001708024255052902
4.2451661835762415,0.0017076084154410572
4.245833555408647,0.0017071904478158898
4.246500919883382,0.0017067703393408122
4.247168276998417,0.0017063479628873736
4.247835626751659,0.0017059236363434114
4.248502969140969,0.0017054971611442243
4.249170304164321,0.0017050685396658243
4.249837631819617,0.0017046377871264757
4.250504952104715,0.0017042049490374519
4.251172265017588,0.0017037699415007076
4.2518395705561325,0.0017033329315646114
4.252506868718204,0.0017028937809841843
4.253174159501772,0.0017024526184988844
4.253841442904731,0.0017020096986685909
4.254508718924934,0.0017015645351179068
4.255175987560344,0.0017011174216263459
4.255843248808853,0.0017006681121290502
4.2565105026683145,0.0017002166531814064
4.2571777491366865,0.0016997635110020662
4.257844988211855,0.0016993082841529107
4.258512219891675,0.0016988511732405455
4.2591794441741,0.0016983918673825868
4.259846661057008,0.0016979307060664556
4.260513870538258,0.0016974675531852821
4.261181072615798,0.0016970023979139318
4.261848267287497,0.0016965353244469577
4.262515454551221,0.0016960664044213748
4.2631826344049095,0.0016955957773018334
4.263849806846422,0.0016951231988544565
4.264516971873635,0.0016946489060130781
4.265184129484476,0.0016941729596332978
4.265851279676799,0.0016936950245928855
4.266518422448484,0.001693215325739533
4.267185557797454,0.0016927338205153914
4.26785268572155,0.0016922506114947495
4.268519806218667,0.0016917657389989766
4.269186919286714,0.00169127905144862
4.269854024923522,0.0016907906279171644
4.270521123126997,0.0016903006292318286
4.27118821389504,0.0016898092298198604
4.271855297225466,0.001689316249204291
4.272522373116199,0.0016888214349768556
4.2731894415651235,0.0016883249915448223
4.273856502570047,0.0016878270897117747
4.274523556128906,0.0016873281775451256
4.27519060223957,0.001686827299291754
4.275857640899845,0.0016863248410597246
4.27652467210767,0.0016858213884863046
4.277128317625246,0.0016853160900727698
4.277795332036509,0.0016848095329373956
4.278462338988829,0.0016843015107561642
4.279129338480116,0.0016837921658025528
4.279796330508246,0.0016832814706107346
4.280463315071011,0.0016827695980094314
4.281130292166342,0.0016822564698248642
4.2817972617920885,0.0016817421831088594
4.282464223946056,0.001681226694476455
4.28313117862617,0.0016807099007676324
4.283798125830259,0.00168019194132205
4.284465065556153,0.0016796728870981674
4.285131997801759,0.0016791533627863106
4.285798922564889,0.0016786321901098272
4.2864658398434,0.001678110048644652
4.2871327496351785,0.0016775871710698511
4.287799651938017,0.0016770630642992596
4.288466546749804,0.0016765380115004078
4.289133434068403,0.0016760121052956396
4.289800313891591,0.0016754856026288476
4.290467186217282,0.0016749578735129865
4.291134051043309,0.0016744293324629975
4.291800908367469,0.0016739000531382504
4.292467758187665,0.0016733700198848364
4.293134600501704,0.0016728392497623128
4.293801435307416,0.0016723078401051869
4.2944682626026855,0.0016717757283655633
4.295135082385295,0.0016712432082242503
4.295801894653112,0.0016707100596594433
4.296468699403992,0.0016701761614014447
4.2971354966357,0.0016696417503676668
4.297802286346136,0.0016691068863257219
4.298469068533121,0.0016685714605841975
4.29913584319444,0.0016680357936975903
4.299802610327985,0.0016674995347945455
4.3004693699315455,0.0016669635624689493
4.301136122002949,0.0016664266676408384
4.301802866540058,0.0016658895885102909
4.302469603540641,0.0016653521056601377
4.303136333002562,0.00166481459266715
4.303803054923658,0.0016642767921610075
4.304469769301683,0.0016637386972195474
4.30513647613453,0.0016632005226816723
4.305803175419987,0.0016626622598607261
4.306469867155858,0.001662123733833288
4.307136551340005,0.0016615853058655847
4.307803227970187,0.0016610468464368464
4.308469897044255,0.0016605083315205443
4.309136558560042,0.0016599698770647811
4.309803212515287,0.001659431521481159
4.310469858907875,0.0016588933529708496
4.31113649773559,0.001658355351781299
4.311803128996218,0.0016578174745946078
4.312469752687619,0.001657279862477694
4.313136368807542,0.0016567424912999438
4.313802977353827,0.0016562052887357042
4.314469578324294,0.0016556684721924144
4.315136171716678,0.0016551320614174455
4.315802757528858,0.001654596191197978
4.3164693357585975,0.0016540604782816117
4.317135906403683,0.0016535253968737239
4.317802469461962,0.0016529908926934773
4.318469024931169,0.0016524569028498986
4.319135572809143,0.0016519230911907538
4.319802113093687,0.0016513898868571863
4.320468645782536,0.0016508572723370684
4.3211351708735535,0.0016503252156245358
4.321801688364486,0.0016497938127827203
4.322468198253129,0.0016492630781208626
4.323134700537314,0.00164873295323371
4.323801195214744,0.0016482035618590276
4.324467682283284,0.0016476749059031312
4.325134161740693,0.0016471469975621693
4.325800633584731,0.001646620059142335
4.326467097813237,0.0016460940319629525
4.3271335544239244,0.0016455687287822234
4.327800003414623,0.0016450441906606383
4.328466444783112,0.0016445207090237197
4.329132878527122,0.001643998184488399
4.329799304644493,0.001643476488520927
4.330465723132954,0.0016429556820607713
4.331132133990296,0.0016424360359140588
4.33179853721432,0.0016419173301969693
4.3324649328027265,0.0016413997464016835
4.333131320753362,0.0016408832487625586
4.333797701063958,0.0016403677679026694
4.3344640737322795,0.0016398533815863558
4.33513043875614,0.001639340326739256
4.335796796133222,0.0016388281591395958
4.336463145861369,0.0016383173256378474
4.337129487938312,0.0016378076269760546
4.337795822361802,0.0016372991881183018
4.338462149129647,0.0016367923362480706
4.339128468239532,0.0016362864359588919
4.339794779689284,0.0016357818451221075
4.340461083476638,0.00163527861139966
4.341127379599327,0.00163477715798438
4.341793668055161,0.0016342765109823552
4.342459948841822,0.0016337771675762208
4.34312622195712,0.0016332792410785769
4.343792487398793,0.0016327827032724433
4.344458745164564,0.00163228754489591
4.345124995252237,0.0016317938914292033
4.345791237659489,0.001631302031695999
4.346457472384124,0.0016308112705499596
4.347123699423873,0.0016303219564031432
4.347789918776453,0.0016298340732476876
4.348456130439661,0.0016293476995926535
4.349122334411169,0.001628862840432535
4.3497885306887785,0.0016283796061205848
4.350454719270205,0.0016278976883157003
4.351120900153168,0.001627417454311398
4.351787073335457,0.0016269387476664319
4.35245323881473,0.0016264615563137727
4.353119396588791,0.0016259858554156334
4.353785546655341,0.0016255119198380057
4.354451689012106,0.0016250394230796666
4.355117823656862,0.001624568493750934
4.355783950587253,0.001624099208266901
4.356450069801092,0.0016236316045209007
4.3571161812960595,0.0016231655756353664
4.357782285069889,0.001622701089613767
4.358448381120335,0.0016222385567428868
4.359114469445051,0.0016217772217904968
4.359780550041837,0.0016213176292464164
4.3604466229083565,0.0016208596382072402
4.361112688042357,0.0016204033118393942
4.361778745441564,0.001619948648047316
4.362444795103649,0.0016194955921108641
4.363110837026394,0.0016190442881228906
4.363776871207442,0.001618594595023925
4.364442897644561,0.0016181465889027928
4.365108916335445,0.0016177002206511511
4.3657749272777835,0.0016172554803322756
4.366440930469341,0.0016168128353056632
4.367106925907738,0.0016163713259961228
4.367772913590766,0.0016159315164130529
4.368438893516081,0.0016154933609128176
4.3691048656814,0.0016150568383327686
4.369770830084449,0.001614621927011471
4.370436786722872,0.0016141887237604861
4.37110273559444,0.001613757022841822
4.371768676696784,0.0016133269911913777
4.372434610027652,0.0016128985645897946
4.373100535584723,0.0016124717032557651
4.373766453365675,0.0016120465094476846
4.3744323633682525,0.0016116231026256577
4.375098265590064,0.0016112011477961044
4.3757641600288855,0.001610781059802878
4.376430046682351,0.001610362307316532
4.377032249835052,0.0016099451931517674
4.377698119017008,0.001609529599457895
4.378363980406649,0.0016091155675913345
4.379029834001588,0.0016087030809568926
4.379695679799591,0.001608292508069281
4.380361517798265,0.0016078830764866016
4.381027347995343,0.0016074753534878442
4.381693170388488,0.001607069055479265
4.382358984975361,0.00160666422778078
4.383024791753685,0.0016062608831645157
4.383690590721058,0.001605859063518791
4.38435638187524,0.0016054587188603865
4.385022165213833,0.0016050598106216603
4.385687940734554,0.0016046624377031723
4.38635370843506,0.0016042668127584552
4.387019468313003,0.0016038722072528229
4.3876852203660945,0.0016034793202641692
4.388350964591929,0.0016030876346999484
4.38901670098825,0.0016026974527492688
4.389682429552654,0.001602308516045058
4.390348150282852,0.0016019210519556215
4.3910138631764815,0.0016015348835161137
4.391679568231199,0.0016011501190019155
4.392345265444693,0.0016007665466572843
4.393010954814561,0.0016003843946179191
4.393676636338534,0.0016000038605634176
4.3943423100141885,0.0015996242221371906
4.395007975839243,0.0015992458197059151
4.39567363381131,0.0015988687207009178
4.396339283928049,0.0015984928730778214
4.3970049261871305,0.0015981182193598876
4.397670560586153,0.0015977448208077828
4.398336187122834,0.001597372562700096
4.399001805794725,0.0015970015191385369
4.399667416599562,0.0015966318917796794
4.400333019534922,0.00159626309183088
4.400998614598484,0.0015958954778913612
4.401664201787873,0.0015955290163519823
4.402329781100718,0.0015951635900527926
4.40299535253469,0.0015947992696033536
4.403660916087364,0.0015944360717609573
4.404326471756452,0.0015940741995332127
4.404992019539501,0.0015937130335024214
4.40565755943422,0.00159335283373528
4.4063230914381855,0.0015929937383286899
4.406988615549056,0.0015926355254193476
4.407654131764453,0.001592278424600088
4.408319640081984,0.0015919221048722985
4.408985140499315,0.00159156663951692
4.409650633014007,0.0015912121696817876
4.410316117623759,0.00159085869975446
4.410981594326104,0.0015905059686289345
4.4116470631187426,0.0015901541082832945
4.412312523999234,0.0015898032579367925
4.412977976965233,0.0015894529763838402
4.413643422014339,0.0015891035752793189
4.414308859144155,0.0015887548998005966
4.414974288352327,0.0015884070053248233
4.415639709636412,0.0015880598802051732
4.416305122994095,0.001587713513366964
4.41697052842289,0.0015873679278416712
4.4176359259205,0.0015870229813086517
4.418301315484447,0.0015866790897388515
4.418966697112402,0.0015863358327500856
4.4196320708019226,0.0015859928538348048
4.420297436550633,0.0015856505198358212
4.4209627943561305,0.0015853088229124083
4.421628144215999,0.0015849677289843807
4.422293486127869,0.0015846272553175966
4.422958820089283,0.0015842873020245527
4.423624146097909,0.0015839479123898987
4.424289464151247,0.0015836089544444417
4.424954774246985,0.0015832705618337238
4.42562007638263,0.0015829326788937244
4.426285370555838,0.0015825953235807577
4.426950656764149,0.0015822584604720078
4.427615935005178,0.0015819220589531366
4.428281205276498,0.0015815859629368645
4.428946467575688,0.0015812503101262476
4.42961172190035,0.0015809151515584785
4.4302769682480285,0.0015805802809817043
4.430942206616355,0.001580245905537024
4.431607437002838,0.0015799118777617739
4.43227265940514,0.001579578146443472
4.432937873820736,0.0015792447534787066
4.433603080247295,0.0015789117010958681
4.434268278682313,0.0015785789471535073
4.434933469123422,0.0015782463961074953
4.435598651568142,0.00157791463375682
4.436263826014077,0.0015775825196931016
4.436928992458774,0.0015772506621149203
4.437594150899802,0.0015769191605128096
4.438259301334734,0.0015765878111513537
4.438924443761107,0.0015762566660232063
4.439589578176523,0.0015759255977935778
4.44025470457849,0.0015755946406713728
4.440919822964628,0.0015752641495266168
4.441584933332417,0.0015749337983282721
4.4422500356795025,0.001574603357112222
4.442915130003338,0.0015742729527356324
4.443580216301573,0.001573942672050152
4.444245294571675,0.0015736125024560532
4.444910364811267,0.001573282371395482
4.445575427017833,0.0015729523093994278
4.446240481188971,0.0015726223819688713
4.446905527322188,0.0015722923783276861
4.447570565415055,0.0015719623666715617
4.448235595465098,0.0015716324620475056
4.448900617469864,0.0015713024810941989
4.4495656314268945,0.0015709724859562285
4.450230637333716,0.0015706423781975186
4.45089563518789,0.0015703124270242882
4.4515606249869135,0.0015699822701826034
4.45222560672837,0.001569652507515238
4.452890580409732,0.0015693226947849808
4.4535555460286,0.0015689923334102644
4.454220503582424,0.0015686618902800166
4.45488545306882,0.0015683314568393364
4.455550394485218,0.0015680008839740968
4.456215327829244,0.0015676701801869317
4.456880253098323,0.001567339343280603
4.457545170290069,0.0015670085437126096
4.458210079401918,0.0015666773774734067
4.458874980431468,0.001566346112560003
4.459539873376167,0.0015660149669349957
4.460204758233592,0.001565683276113807
4.460869635001206,0.0015653513602811825
4.4615345036765675,0.0015650193537165493
4.462135431177235,0.00156468716795843
4.462800281755045,0.0015643551045159802
4.463465124233033,0.0015640226561070025
4.464129958608674,0.0015636897711065515
4.464794784879502,0.0015633566179901251
4.465459603042999,0.0015630232443184478
4.466124413096684,0.0015626896107065193
4.466789215038048,0.0015623556758690826
4.467454008864595,0.0015620216578373142
4.468118794573828,0.0015616871912041916
4.468783572163234,0.0015613524821773178
4.469448341630323,0.0015610176173443489
4.470113102972571,0.0015606822950408911
4.470777856187492,0.0015603466511704505
4.471442601272553,0.001560010824347316
4.47210733822527,0.0015596746803231381
4.4727720670431035,0.0015593381776045489
4.473436787723574,0.0015590013107398268
4.474101500264125,0.0015586638093142197
4.474766204662284,0.0015583262839930286
4.475430900915494,0.0015579883121282724
4.476095589021274,0.001557650400801516
4.476760268977063,0.0015573117188453704
4.477424940780383,0.0015569727180508852
4.4780896044286616,0.0015566333097466244
4.478754259919425,0.0015562935007400118
4.479418907250095,0.0015559534042204628
4.480083546418197,0.001555612809122486
4.480748177421146,0.0015552719296670764
4.481412800256468,0.001554930590993828
4.482077414921573,0.0015545889011562954
4.482742021413984,0.001554246738172266
4.483406619731108,0.0015539041726597127
4.484071209870465,0.0015535611833704097
4.484735791829462,0.001553217691775853
4.485400365605612,0.0015528737891992927
4.486064931196321,0.0015525297386926515
4.486729488599098,0.0015521850196539878
4.487394037811347,0.0015518398601727793
4.488058578830574,0.0015514942320855017
4.4887231116541795,0.001551148121252862
4.4893876362796625,0.0015508017549460181
4.490052152704429,0.001550454794596215
4.490716660925969,0.001550107427658365
4.491381160941686,0.0015497594854894836
4.492045652749068,0.001549411096843999
4.492710136345518,0.0015490622718160234
4.493374611728515,0.0015487129315875283
4.494039078895466,0.0015483631036892946
4.494703537843838,0.0015480128557052136
4.4953679885710445,0.0015476620707261122
4.496032431074542,0.0015473107889708876
4.496696865351747,0.0015469591568473614
4.4973612914001055,0.001546606859599825
4.498025709217043,0.001546254232532128
4.498690118799989,0.001545900908291009
4.499354520146375,0.0015455475759600136
4.500018913253619,0.0015451932270298054
4.500683298119163,0.0015448386164798968
4.501347674740407,0.001544483320030076
4.5020120431148,0.0015441275128587502
4.5026764032397315,0.0015437711755174053
4.503340755112659,0.001543414324622531
4.504005098730954,0.001543057121900944
4.504669434092086,0.0015426992421489413
4.505333761193406,0.0015423407748606603
4.5059980800323975,0.0015419817979617305
4.506662390606399,0.0015416223129606833
4.507326692912897,0.0015412624174072295
4.507990986949214,0.0015409018267921858
4.5086552727128515,0.0015405407592549783
4.509319550201113,0.0015401791898465539
4.509983819411501,0.0015398169856206225
4.510648080341328,0.0015394543502681205
4.511312332988078,0.0015390910697555508
4.511976577349072,0.0015387273272458857
4.512640813421776,0.0015383633008477786
4.513305041203529,0.0015379985276367263
4.513969260691772,0.0015376330994711282
4.51463347188386,0.00153726723770702
4.515297674777211,0.001536900865784689
4.5159618693692,0.0015365338716856562
4.51662605565722,0.00153616638617126
4.517290233638659,0.001535798494410885
4.517954403310891,0.0015354299730118658
4.518618564671322,0.0015350608457732058
4.519282717717303,0.0015346911455665034
4.519946862446254,0.0015343211011372311
4.5206109988555,0.001533950574512794
4.521275126942485,0.0015335792458635615
4.521939246704507,0.0015332074405946601
4.522603358139026,0.0015328352411576177
4.523267461243321,0.0015324624123359248
4.523931556014854,0.0015320890013764037
4.524595642450915,0.0015317150735386772
4.52525972054894,0.0015313407200067816
4.525923790306237,0.0015309657940451374
4.526587851720216,0.0015305904602723936
4.527251904788209,0.0015302148226766163
4.5279159495075945,0.0015298384751347436
4.52857998587573,0.0015294613523214894
4.52924401388996,0.0015290838071279418
4.529908033547669,0.001528705819734097
4.53057204484617,0.0015283274243455811
4.531236047782874,0.001527948280285074
4.53190004235506,0.0015275687337423542
4.532564028560163,0.001527188588824014
4.533228006395436,0.001526808023047035
4.533891975858322,0.00152642693168434
4.534555936946085,0.0015260456572219277
4.5352198896561315,0.0015256635179234893
4.5358838339857614,0.0015252809303477664
4.536547769932339,0.0015248979400917116
4.537211697493197,0.0015245145588190447
4.537811451263477,0.0015241305102740655
4.538475360126015,0.001523746028267534
4.539139260594752,0.0015233610979935332
4.539803152666949,0.0015229756508425962
4.540467036340019,0.0015225897753411335
4.541130911611203,0.0015222035431853539
4.541794778477909,0.0015218167280828716
4.542458636937403,0.0015214295087172505
4.543122486987054,0.0015210422550067722
4.543786328624154,0.001520654366636416
4.544450161846038,0.0015202658372237914
4.5451139866500325,0.0015198768860547023
4.5457778030334275,0.0015194874969251672
4.546441610993588,0.001519097860630759
4.5471054105277595,0.0015187078461038456
4.547769201633338,0.0015183172060149177
4.548432984307547,0.0015179267777908451
4.549096758547778,0.001517535435956684
4.549760524351276,0.0015171437580698745
4.55042428171539,0.0015167517064809412
4.551088030637406,0.0015163593381620625
4.551751771114626,0.0015159665735041473
4.552415503144372,0.0015155735825355709
4.553079226723902,0.0015151803071988817
4.553742941850582,0.0015147865134635416
4.554406648521619,0.0015143923606784578
4.555070346734399,0.0015139979526267052
4.555734036486142,0.0015136031994383383
4.556397717774194,0.0015132082325069734
4.557061390595816,0.001512812915913053
4.557725054948303,0.0015124173977626074
4.558388710828958,0.0015120216247451405
4.5590523582350295,0.0015116254329257512
4.559715997163861,0.001511229039752704
4.560379627612648,0.001510832248677539
4.5610432495787645,0.0015104353297969689
4.561706863059414,0.0015100384049676358
4.562370468051927,0.001509640918775906
4.56303406455355,0.0015092432532070748
4.5636976525615625,0.0015088455513084988
4.564361232073258,0.001508447689436914
4.565024803085858,0.0015080497314504551
4.565688365596703,0.0015076514399295377
4.566351919602972,0.0015072529529260195
4.567015465102016,0.0015068543885560675
4.56767900209104,0.0015064558292600982
4.568342530567338,0.0015060569047896856
4.569006050528167,0.001505657866557668
4.569669561970763,0.001505258759158942
4.570333064892433,0.00150485950343065
4.570996559290358,0.0015044601633359782
4.571660045161873,0.0015040609727875044
4.5723235225041625,0.0015036614799634712
4.572986991314525,0.0015032619516428686
4.573650451590192,0.0015028624172575085
4.574313903328397,0.0015024628157977596
4.57497734652643,0.0015020631782935573
4.575640781181466,0.001501663582758276
4.576304207290826,0.0015012639168478495
4.576967624851676,0.0015008642387795243
4.577631033861314,0.00150046452485912
4.578294434316949,0.001500065282038677
4.578957826215817,0.001499665660264663
4.579621209555181,0.0014992661903544123
4.580284584332212,0.0014988667392724874
4.580947950544218,0.0014984674251983477
4.5816113081883545,0.0014980682243122844
4.582274657261905,0.0014976690316314486
4.582937997762072,0.0014972698802261633
4.583601329686072,0.0014968709743936538
4.584264653031165,0.0014964722081710691
4.584927967794502,0.00149607310919605
4.585591273973383,0.0014956746346226272
4.586254571564957,0.0014952763222292474
4.586917860566485,0.0014948781018836205
4.58758114097517,0.001494480100986228
4.5882444127882005,0.0014940823652987525
4.588907676002845,0.001493685050555257
4.589570930616223,0.0014932877281405034
4.5902341766256285,0.0014928906062757726
4.590897414028215,0.001492493795431412
4.591560642821206,0.0014920970771037895
4.592223863001817,0.00149170073910723
4.5928870745672015,0.0014913047208783717
4.593550277514625,0.0014909089938917645
4.594213471841211,0.001490513599290615
4.5948766575442175,0.001490118405934383
4.5955398346208085,0.0014897236329743228
4.596203003068169,0.0014893292007146016
4.596866162883534,0.0014889351030344103
4.59752931406401,0.0014885415236997816
4.59819245660687,0.0014881483189892871
4.598855590509244,0.0014877556031696257
4.599518715768338,0.0014873629442860423
4.600181832381347,0.0014869706995115108
4.600844940345399,0.0014865788234388996
4.601508039657744,0.0014861873184905706
4.60217113031549,0.0014857963176903358
4.602834212315858,0.0014854057924790804
4.603497285656014,0.0014850156605754363
4.604160350333101,0.0014846256992778484
4.604823406344344,0.0014842365925746815
4.6054864536868365,0.0014838479048452063
4.606085114132689,0.001483459726351861
4.606748142196089,0.0014830719522348206
4.607411161582161,0.001482684825893516
4.608074172287996,0.0014822980416251321
4.6087371743108285,0.0014819118072373347
4.609400167647768,0.0014815261395043577
4.610063152295985,0.0014811410517904505
4.610726128252658,0.0014807564877680002
4.611389095514877,0.0014803725453627831
4.612052054079864,0.001479989077248747
4.612715003944715,0.0014796056906507954
4.6133779451066035,0.0014792235104541657
4.614040877562688,0.001478841827084524
4.614703801310057,0.0014784607939152426
4.615366716345921,0.0014780803914489224
4.6160296226673685,0.0014777006047780009
4.6166925202715605,0.0014773213987047066
4.6173554091556515,0.0014769429491255294
4.618018289316718,0.0014765651646164704
4.618681160751965,0.0014761878132477989
4.619344023458469,0.0014758110852492348
4.620006877433386,0.0014754350405398436
4.620669722673858,0.0014750595869787394
4.621332559176955,0.0014746849414714253
4.621995386939873,0.0014743107725150295
4.622658205959681,0.0014739373454169694
4.62332101623352,0.0014735644253963454
4.6239838177585355,0.0014731922758670075
4.624646610531776,0.001472821097106916
4.625309394550431,0.0014724503503101517
4.625972169811573,0.001472080333774232
4.626634936312318,0.001471710929302284
4.627297694049815,0.0014713422682021372
4.627960443021093,0.0014709743305245818
4.628623183223339,0.0014706069430153288
4.629285914653623,0.0014702403508467922
4.629948637309035,0.0014698743054356739
4.630611351186727,0.0014695090903375672
4.631274056283728,0.0014691445711735483
4.631936752597192,0.001468780750495437
4.632599440124208,0.0014684178609477166
4.633262118861833,0.0014680556630319813
4.633924788807217,0.0014676940156350968
4.634587449957398,0.001467333092709241
4.635250102309494,0.0014669725123603403
4.63591274586061,0.0014666130486281257
4.636575380607767,0.0014662543338699488
4.637238006548123,0.0014658962223927494
4.6379006236787195,0.0014655389603552016
4.638563231996635,0.0014651823359769448
4.639225831498991,0.001464825886979113
4.639888422182794,0.0014644708710409996
4.640551004045177,0.0014641163574545142
4.641213577083204,0.0014637626430077037
4.641876141293909,0.0014634097026541837
4.64253869667442,0.0014630574126945105
4.643201243221755,0.0014627058589038017
4.643863780933,0.001462355445316811
4.644526309805251,0.0014620052704568986
4.645188829835489,0.0014616557963572647
4.6458513410208555,0.0014613066223381364
4.646513843358383,0.0014609586160070078
4.647176336845102,0.001460610903961366
4.647838821478121,0.001460264336115385
4.648501297254441,0.0014599184968140304
4.649163764171142,0.0014595732449678722
4.649826222225296,0.0014592286696612068
4.650488671413878,0.001458884520763994
4.651151111734009,0.0014585410123736007
4.651813543182712,0.0014581985268474725
4.652475965756997,0.001457856710727231
4.653138379453963,0.0014575157763108014
4.653800784270597,0.0014571752548957297
4.654463180203961,0.001456835305929189
4.655125567251116,0.0014564964021761661
4.655787945409023,0.0014561577725624602
4.6564503146747835,0.0014558198192505232
4.657112675045415,0.0014554824560834986
4.657775026517903,0.0014551457472564493
4.658437369089334,0.001454809405504388
4.659099702756694,0.0014544733944846487
4.659762027517008,0.0014541388124880538
4.660424343367334,0.0014538045781556594
4.661086650304632,0.0014534709509737768
4.661748948325965,0.0014531379358715118
4.662411237428356,0.0014528054978899083
4.663073517608756,0.0014524737691453372
4.663735788864246,0.0014521425897155147
4.664398051191816,0.001451811946222069
4.665060304588444,0.0014514817742812614
4.665722549051187,0.001451152112569366
4.666384784577014,0.0014508229966608804
4.6670470111629285,0.0014504942041535672
4.66770922880597,0.001450166233589094
4.668306862325611,0.0014498387940438948
4.668969060125897,0.0014495120218994731
4.669631248974084,0.0014491855440202346
4.67029342886723,0.0014488596198467796
4.670955599802294,0.0014485343365565613
4.671617761776254,0.0014482091715827005
4.6722799147861425,0.0014478843540781357
4.672942058828901,0.0014475605910376362
4.673604193901529,0.0014472368898684896
4.674266320001039,0.0014469136340919562
4.674928437124351,0.001446590963436812
4.675590545268492,0.0014462686439529475
4.676252644430451,0.0014459467051172565
4.676914734607134,0.0014456251887288174
4.677576815795584,0.0014453041751770006
4.678238887992763,0.0014449839233548153
4.678900951195587,0.0014446637877106967
4.67956300540109,0.001444343812914214
4.680225050606216,0.001444024279266392
4.6808870868079,0.0014437050150692306
4.681549114003154,0.0014433863272477006
4.6822111321889075,0.001443067867108702
4.682873141362111,0.0014427500147425423
4.683535141519763,0.0014424323189121478
4.684197132658777,0.0014421148600256225
4.6848591147761125,0.0014417977517818877
4.685521087868759,0.0014414808500057864
4.686183051933612,0.0014411643181752665
4.686845006967646,0.0014408481013584542
4.687506952967832,0.0014405321793312825
4.688168889931056,0.0014402168940377863
4.688830817854302,0.0014399015260101568
4.689492736734523,0.0014395863227832358
4.6901546465685975,0.0014392709471047174
4.690816547353515,0.0014389560943545725
4.691478439086221,0.0014386417173534937
4.692140321763577,0.0014383274577766836
4.692802195382581,0.0014380134392826842
4.693464059940163,0.0014376995990069846
4.6941259154331805,0.0014373859824575524
4.694787761858635,0.001437072058150733
4.695449599213437,0.0014367588511999994
4.6961114274944515,0.0014364457758329352
4.696773246698661,0.0014361325388859952
4.697435056822981,0.0014358198579263938
4.698096857864266,0.0014355072630142145
4.698758649819499,0.0014351947797327104
4.699420432685581,0.001434882775611873
4.700082206459367,0.001434570623759628
4.700743971137831,0.0014342585264129888
4.701405726717868,0.0014339458969369323
4.702067473196333,0.0014336343332276185
4.702729210570189,0.0014333224776542572
4.703390938836327,0.0014330112672563526
4.7040526579915936,0.0014326996743166652
4.704714368032951,0.0014323882943056265
4.705376068957282,0.0014320763155620342
4.706037760761427,0.00143176501518756
4.706699443442344,0.0014314541165805605
4.70736111699691,0.0014311427492676913
4.708022781421961,0.001430831393658954
4.708684436714441,0.0014305200216140808
4.709346082871234,0.0014302084015967455
4.710007719889161,0.001429897445833355
4.710669347765164,0.0014295862698079512
4.711330966496124,0.001429275072902841
4.711992576078851,0.0014289639175260394
4.712654176510281,0.0014286526948459287
4.713315767787293,0.0014283413981362597
4.713977349906693,0.0014280306078388696
4.714638922865407,0.0014277193718230474
4.715300486660306,0.0014274081414136532
4.715962041288201,0.0014270967968918683
4.716623586745997,0.0014267854584530187
4.71728512303057,0.001426474109428596
4.71794665013873,0.0014261625981977694
4.718608168067362,0.0014258510575573106
4.719269676813342,0.001425539465188413
4.719931176373484,0.001425227676042171
4.72059266674465,0.0014249160034536098
4.72125414792372,0.0014246042026189443
4.721915619907509,0.0014242920184176179
4.722577082692859,0.001423979874262675
4.72323853627665,0.0014236678024553001
4.723899980655704,0.0014233556638596919
4.724561415826834,0.001423043442168672
4.725222841786923,0.0014227312405977438
4.725884258532803,0.001422418807661483
4.726545666061257,0.00142210614957207
4.72714230051596,0.0014217934882472868
4.727803687636864,0.001421480756972521
4.728465065530722,0.0014211680926313815
4.729126434194355,0.001420855123567378
4.729787793624536,0.0014205417814889918
4.730449143818146,0.0014202286630626817
4.731110484772006,0.0014199151552403383
4.731771816482875,0.0014196017686443371
4.732433138947624,0.0014192881159595036
4.7330944521630745,0.0014189740965912367
4.733755756125995,0.0014186602274790113
4.734417050833218,0.0014183463015011756
4.735078336281575,0.0014180324263998421
4.735739612467848,0.0014177183797634675
4.736400879388828,0.0014174043124630057
4.73706213704136,0.001417089304542249
4.7377233854222345,0.0014167744651940976
4.738384624528205,0.0014164597562307073
4.7390458543561245,0.0014161446925060406
4.739707074902789,0.0014158294795516518
4.740368286164936,0.0014155141653677996
4.7410294881394055,0.0014151984601595041
4.741690680822994,0.0014148830341554272
4.742351864212455,0.0014145671987000083
4.743013038304582,0.0014142512888065933
4.7436742030961865,0.001413935166881778
4.744335358584036,0.0014136186744755563
4.744996504764878,0.0014133023462135031
4.745657641635537,0.0014129856690443766
4.746318769192791,0.0014126688779346527
4.746979887433358,0.0014123519127987834
4.747640996354059,0.0014120348194269425
4.74830209595167,0.0014117175274249297
4.748963186222929,0.001411400134936055
4.749624267164605,0.0014110825029485228
4.750285338773491,0.0014107648767417086
4.750946401046341,0.001410446927473417
4.751607453979872,0.0014101288644383383
4.752268497570895,0.0014098105964999972
4.752929531816165,0.0014094922381164996
4.753590556712397,0.0014091736969341429
4.754251572256367,0.0014088550392713979
4.754912578444844,0.0014085362861396692
4.755573575274559,0.0014082173675297339
4.756234562742232,0.0014078982237536444
4.7568955408446545,0.0014075792346248644
4.757556509578567,0.0014072599190696955
4.75821746894066,0.0014069403999891347
4.758878418927711,0.0014066207044523213
4.759539359536473,0.0014063007485493088
4.760200290763652,0.0014059805589651934
4.760861212605969,0.001405660473773428
4.761522125060194,0.001405340266838395
4.7621830281230535,0.0014050199923831145
4.762843921791221,0.0014046994689732024
4.76350480606147,0.0014043789201367142
4.764165680930531,0.001404058249417543
4.7648265463951,0.0014037374657860193
4.765487402451884,0.0014034166309287361
4.766148249097637,0.0014030956022389113
4.766809086329073,0.0014027743734006894
4.767469914142856,0.001402453142894131
4.768130732535736,0.0014021317681805103
4.768791541504437,0.0014018103383785284
4.769452341045642,0.0014014890141364907
4.770113131156038,0.0014011675096454546
4.770773911832367,0.0014008459160410921
4.77143468307133,0.0014005239991138185
4.772095444869585,0.0014002021901608672
4.772756197223855,0.001399880320435487
4.773416940130852,0.0013995578331172083
4.774077673587261,0.001399235904242302
4.77473839758973,0.0013989138006703778
4.775399112135002,0.0013985917407833394
4.776059817219761,0.001398269590719251
4.776720512840664,0.001397947293902339
4.777381198994394,0.0013976250214363065
4.778041875677665,0.0013973028198556896
4.778702542887151,0.00139698040470915
4.7793632006194855,0.001396658099723782
4.780023848871381,0.001396335645486363
4.780684487639519,0.0013960132480714015
4.781345116920563,0.0013956909341542657
4.781940794560602,0.0013953685139874877
4.782601402878818,0.0013950463677802976
4.783262001699715,0.0013947238999415083
4.78392259102001,0.0013944016089191544
4.784583170836368,0.001394079244378297
4.7852437411454325,0.0013937566011872997
4.785904301943833,0.0013934341595680652
4.786564853228265,0.0013931117493340374
4.787225394995384,0.0013927895408423023
4.787885927241814,0.0013924674323565656
4.7885464499642,0.0013921450732395338
4.789206963159222,0.0013918229539531756
4.789867466823522,0.0013915007772124209
4.790527960953704,0.0013911788932390954
4.791188445546432,0.0013908568571812784
4.791848920598362,0.0013905351048414843
4.792509386106131,0.0013902134460363786
4.793169842066324,0.0013898918834120394
4.793830288475618,0.0013895703430187234
4.794490725330651,0.001389249102973908
4.795151152628047,0.001388927798677645
4.795811570364384,0.0013886065174152757
4.7964719785363386,0.001388285208345284
4.797132377140535,0.001387964366214789
4.7977927661735835,0.0013876435475075205
4.798453145632068,0.0013873229588294656
4.79911351551265,0.0013870024740877634
4.799773875811943,0.0013866820943255365
4.800434226526546,0.0013863620492064936
4.801094567653046,0.0013860420858954404
4.80175489918809,0.0013857223502237114
4.802415221128284,0.0013854024791575216
4.803075533470215,0.001385083074986806
4.8037358362104685,0.0013847638806065694
4.804396129345679,0.001384444937197646
4.805056412872444,0.0013841261717524563
4.805716686787346,0.001383807175310847
4.806376951086959,0.0013834888551814205
4.807037205767911,0.001383170906986244
4.807697450826794,0.0013828526942291312
4.808357686260175,0.0013825351749578764
4.809017912064625,0.0013822178744634223
4.809678128236762,0.0013819008789659692
4.8103383347731725,0.0013815841328317904
4.810998531670414,0.0013812676541285498
4.811658718925047,0.001380951699517956
4.812318896533684,0.0013806357107901315
4.8129790644928985,0.001380319992023436
4.81363922279925,0.001380004546028053
4.814299371449281,0.0013796895382985764
4.8149595104396,0.0013793751086234349
4.81561963976677,0.00137906085618253
4.816279759427349,0.0013787461922541444
4.816939869417863,0.0013784325142955644
4.81759996973491,0.001378119158353564
4.818260060375055,0.0013778060142979488
4.818920141334847,0.001377493673771651
4.819580212610793,0.0013771815277918613
4.820240274199492,0.0013768695907162801
4.820900326097494,0.0013765577629791944
4.821560368301345,0.0013762467428628526
4.822220400807552,0.0013759360875453073
4.822880423612688,0.0013756259202701434
4.8235404367133015,0.0013753160317627891
4.824200440105932,0.0013750065793709477
4.82486043378709,0.0013746974484471557
4.825520417753316,0.001374388786792592
4.826180392001164,0.001374080364366337
4.826840356527163,0.0013737724078885074
4.827500311327828,0.001373465099038757
4.8281602563996655,0.001373158604114423
4.8288201917392355,0.0013728521023233875
4.829480117343059,0.0013725461670894147
4.830140033207655,0.0013722406455637767
4.830799939329494,0.0013719357052896371
4.831459835705142,0.0013716307385964977
4.832119722331111,0.0013713267148346797
4.832779599203914,0.001371023109151595
4.83343946632003,0.0013707201052592414
4.834034209818002,0.0013704172788303558
4.834694055416201,0.0013701153155389458
4.835353891247024,0.0013698138718830923
4.83601371730702,0.0013695129320112907
4.836673533592685,0.0013692125209172118
4.837333340100519,0.0013689127371177567
4.8379931368269915,0.0013686133812546085
4.838652923768597,0.0013683145638398576
4.839312700921851,0.0013680163669701215
4.83997246828324,0.0013677188160692935
4.840632225849249,0.0013674216547467047
4.841291973616321,0.0013671255276703738
4.841951711580982,0.0013668293741031217
4.842611439739713,0.0013665338985842052
4.843271158088991,0.00136623894723536
4.8439308666252705,0.0013659445901144291
4.844590565345027,0.0013656508394011382
4.845250254244753,0.0013653577011985456
4.845909933320921,0.0013650649671480867
4.8465696025699945,0.0013647727114568479
4.847229261988399,0.0013644813257551304
4.847888911572641,0.0013641903674997632
4.84854855131918,0.0013638999342712706
4.849208181224476,0.0013636100715660555
4.849867801284975,0.0013633211053430375
4.850527411497112,0.001363032815832903
4.851187011857376,0.001362745100575354
4.851846602362212,0.001362458050724608
4.852506183008074,0.0013621715899556186
4.853165753791375,0.001361885665214241
4.853825314708577,0.0013616005028641409
4.854484865756135,0.0013613162385574722
4.85514440693049,0.0013610326888362518
4.855803938228083,0.0013607493629854994
4.8564634596453065,0.0013604664643499503
4.857122971178633,0.0013601841176583767
4.857782472824498,0.001359902610599878
4.858441964579331,0.001359621845068188
4.8591014464395546,0.0013593415278401388
4.8597609184015615,0.001359061827078397
4.860420380461812,0.001358782835027488
4.861079832616728,0.0013585045672942517
4.861739274862731,0.0013582268368887787
4.862398707196227,0.0013579498201566312
4.863058129613603,0.0013576733053266607
4.863717542111313,0.0013573975915363193
4.864376944685763,0.0013571225208628332
4.865036337333363,0.001356848099203039
4.865695720050505,0.0013565741457103595
4.866355092833579,0.0013563010666728967
4.867014455679015,0.0013560284830062405
4.867673808583212,0.0013557567559914652
4.86833315154257,0.0013554855047953158
4.8689924845534716,0.0013552149361297512
4.869651807612295,0.0013549447925247614
4.870311120715459,0.0013546753554287611
4.870970423859355,0.0013544066616104837
4.871629717040367,0.001354137978404308
4.872289000254874,0.0013538705136460277
4.872948273499235,0.0013536038080535872
4.873607536769864,0.0013533375255702928
4.874266790063139,0.0013530719136433693
4.874926033375435,0.0013528070001133663
4.875585266703123,0.0013525425835805272
4.876244490042546,0.0013522784521668336
4.876903703390107,0.001352015323612748
4.877562906742175,0.001351752811746664
4.878222100095116,0.0013514909273963603
4.878881283445295,0.0013512296208521002
4.879540456789034,0.001350968874610896
4.880199620122729,0.0013507088572859603
4.880858773442737,0.0013504494578368792
4.881517916745417,0.0013501904902642528
4.882177050027121,0.0013499320766627622
4.882770896445176,0.0013496743533436926
4.883430007664637,0.0013494172471365251
4.884089108851972,0.0013491605851490404
4.88474820000351,0.0013489046185745585
4.8854072811155795,0.0013486492648083403
4.886066352184548,0.0013483944067852014
4.886725413206753,0.001348140116476551
4.887384464178528,0.001347886472956791
4.88804350509621,0.0013476333854040594
4.888702535956091,0.0013473805072712378
4.889361556754537,0.0013471286364427882
4.890020567487875,0.0013468772335908492
4.8906795681524295,0.0013466263571710033
4.891338558744524,0.0013463759970334709
4.8919975392604655,0.0013461262448538087
4.892656509696561,0.0013458769582161642
4.893315470049153,0.001345628183219141
4.893974420314554,0.0013453800297311296
4.894633360489074,0.0013451324893863986
4.895292290569026,0.0013448853019947834
4.895951210550689,0.0013446386905686858
4.896610120430385,0.001344392181044289
4.897269020204427,0.0013441466787511517
4.897927909869118,0.0013439016998117734
4.8985867894207535,0.0013436572014460752
4.899245658855632,0.0013434132810289385
4.89990451817001,0.001343169927350054
4.90056336736022,0.0013429269366476298
4.90122220642255,0.001342684557738449
4.901881035353287,0.0013424425356350397
4.902539854148717,0.001342201000665086
4.903198662805115,0.0013419599510929715
4.903857461318744,0.0013417192704414226
4.904516249685911,0.0013414787673245812
4.905175027902892,0.0013412387935390153
4.905833795965963,0.0013409990055323659
4.906492553871396,0.0013407598571283715
4.9071513016154515,0.0013405209929686116
4.9078100391943815,0.0013402825869839304
4.9084687666044795,0.0013400446552521601
4.909127483842007,0.0013398069931709294
4.909786190903228,0.001339569205642292
4.9104448877844,0.001339332243162778
4.911103574481774,0.0013390954370377636
4.911762250991586,0.0013388590735433517
4.912420917310116,0.0013386230423061186
4.913079573433612,0.0013383874247210143
4.913738219358327,0.0013381522518238556
4.914396855080504,0.0013379175821508584
4.915055480596385,0.001337683409126871
4.915714095902186,0.0013374496088236522
4.916372700994175,0.001337216042890932
4.917031295868591,0.0013369834030519038
4.917689880521668,0.001336750900050156
4.9183484549496415,0.0013365190697720813
4.919007019148741,0.0013362876036483217
4.919665573115171,0.0013360567070982447
4.920324116845172,0.0013358261817847741
4.92098265033498,0.001335596142211117
4.921641173580817,0.0013353665865915793
4.922299686578901,0.0013351376532099821
4.922958189325453,0.0013349090702759296
4.923616681816675,0.0013346806262807427
4.924275164048769,0.0013344530139782218
4.924933636017968,0.0013342258764778823
4.925592097720483,0.0013339991328956587
4.926250549152521,0.001333772820717686
4.926908990310284,0.0013335468344407438
4.927567421189975,0.0013333212550952814
4.928225841787772,0.0013330960349482186
4.928884252099888,0.0013328712979763207
4.929542652122523,0.0013326467002777469
4.930135604871549,0.0013324228902075682
4.930793982279189,0.0013321995852943014
4.931452349385702,0.0013319765446623529
4.932110706187294,0.001331753927969422
4.932769052680151,0.0013315316335492783
4.933427388860452,0.001331309822664107
4.934085714724381,0.0013310881337707551
4.934744030268112,0.0013308671554876491
4.935402335487806,0.0013306467072428114
4.9360606303796395,0.0013304265729701115
4.936718914939796,0.0013302069427716533
4.937377189164446,0.0013299876042399228
4.9380354530497526,0.0013297688901431199
4.938693706591885,0.0013295506425451582
4.939351949787002,0.0013293326993925514
4.940010182631254,0.0013291151817294029
4.9406684051207925,0.0013288982033972845
4.94132661725179,0.0013286816528235146
4.941984819020402,0.0013284653876475228
4.942643010422776,0.0013282498999533504
4.943301191455064,0.001328034754239727
4.94395936211341,0.0013278200658972076
4.9446175223939575,0.0013276059538938141
4.9452756722928255,0.0013273924897323202
4.94593381180618,0.0013271792882539788
4.9465919409301575,0.0013269664838978764
4.9472500596608935,0.0013267542616340346
4.947908167994523,0.0013265421972759016
4.948566265927176,0.0013263306892288607
4.949224353454979,0.001326120072226776
4.9498824305740445,0.0013259099286639802
4.950540497280502,0.001325700306895327
4.951198553570484,0.0013254911180855544
4.951856599440112,0.0013252823829131167
4.952514634885501,0.001325074354112236
4.953172659902768,0.0013248667815577606
4.9538306744880245,0.0013246598033045853
4.954488678637383,0.0013244534974521528
4.9551466723469275,0.0013242475878570373
4.955804655612787,0.0013240420967237335
4.956462628431063,0.0013238376555519426
4.957120590797862,0.001323633389568381
4.957778542709281,0.0013234299370796605
4.958436484161422,0.0013232268601130843
4.959094415150374,0.0013230242801327715
4.959752335672234,0.001322822457924284
4.960410245723069,0.001322621098963634
4.961068145298984,0.0013224202959581806
4.961726034396072,0.0013222202892096194
4.962383913010416,0.0013220207610203031
4.963041781138095,0.0013218217896617827
4.963699638775189,0.0013216234148001858
4.964357485917777,0.0013214257172843948
4.965015322561933,0.0013212281429840717
4.965673148703717,0.001321031809788426
4.966330964339198,0.0013208360481579897
4.966988769464457,0.0013206408217825956
4.967646564075561,0.0013204463320316425
4.968304348168571,0.001320252355887134
4.96896212173955,0.0013200590859033697
4.969619884784557,0.00131986658841396
4.970277637299647,0.001319674883475991
4.970935379280875,0.0013194837230903237
4.9715931107242755,0.001319293233794296
4.972250831625911,0.0013191033771494955
4.972908541981834,0.0013189142680509855
4.973566241788091,0.0013187257786196815
4.974223931040723,0.0013185379030491247
4.974881609735771,0.0013183506589792438
4.975473685686229,0.0013181640343267074
4.976131341214495,0.0013179781074149834
4.976788986173079,0.0013177928584757637
4.977446620558013,0.0013176082220637101
4.978104244365323,0.0013174243043619495
4.978761857591037,0.00131724101935324
4.979419460231179,0.0013170583597681739
4.980077052281775,0.0013168763773875423
4.980734633738843,0.0013166950767655114
4.9813922045983885,0.0013165140023265575
4.98204976485643,0.001316333646247984
4.982707314508988,0.001316154332517383
4.983364853552076,0.0013159756196151175
4.984022381981704,0.0013157980176810007
4.984679899793876,0.001315620580410199
4.985337406984597,0.0013154439265350081
4.98599490354987,0.0013152678399103073
4.986652389485693,0.0013150921742863895
4.987309864788064,0.0013149173265353871
4.987967329452967,0.001314743017228721
4.9886247834763955,0.0013145691167862682
4.9892822268543515,0.0013143961385796324
4.989939659582822,0.001314223701458361
4.990597081657792,0.0013140518594604775
4.991254493075245,0.0013138803173030368
4.991911893831165,0.0013137091697519759
4.992569283921528,0.0013135387156355176
4.993226663342313,0.0013133689430604907
4.993884032089492,0.0013131998595171772
4.994541390159038,0.0013130311860149655
4.995198737546905,0.0013128631204014282
4.995856074249073,0.0013126954670485671
4.996513400261514,0.0013125280530167543
4.997170715580185,0.0013123617809931028
4.997828020201051,0.0013121954772850586
4.99848531412007,0.0013120294557682555
4.999142597333195,0.0013118640131823053
4.999799869836382,0.0013116988840253408
5.0004571316255815,0.0013115341210254668
5.001114382696744,0.0013113697938715346
5.001771623045816,0.001311205771514021
5.002428852668725,0.0013110422879603603
5.003086071561427,0.0013108789732051082
5.0037432797198615,0.0013107159346715236
5.004400477139972,0.0013105531694686126
5.00505766381769,0.0013103902998077518
5.005714839748951,0.0013102281281407904
5.0063720049296805,0.0013100662694989582
5.007029159355811,0.0013099044695382598
5.007686303023268,0.0013097427508013389
5.008343435927976,0.001309581046347674
5.009000558065853,0.0013094194979075056
5.009657669432822,0.0013092580182030194
5.010314770024787,0.0013090968417755955
5.010971859837667,0.0013089353439071799
5.011628938867381,0.0013087738655708622
5.012286007109839,0.0013086123845074062
5.012943064560947,0.0013084508333079039
5.01360011121661,0.0013082895597490499
5.014257147072733,0.0013081278195457532
5.0149141721252155,0.0013079657354700006
5.0155711863699555,0.0013078037351761807
5.016228189802849,0.0013076414999922809
5.016885182419789,0.0013074790048964045
5.0175421642166675,0.0013073162045757556
5.0181991351893735,0.0013071529884018328
5.018790352998764,0.0013069895101673387
5.019447300256288,0.0013068255755308191
5.020104236677078,0.00130666131264006
5.020761162257017,0.001306496549231768
5.021418076991977,0.0013063312421252816
5.022074980877838,0.0013061657264814462
5.0227318739104705,0.0013059993326592666
5.023388756085746,0.0013058323996171946
5.02404562739953,0.0013056647736559058
5.024702487847688,0.0013054965889835713
5.02535933742608,0.0013053274694036817
5.026016176130564,0.001305157749172817
5.026673003957005,0.0013049870631642617
5.02732982090126,0.0013048157416969467
5.027986626959182,0.0013046431485370612
5.028643422126625,0.001304470041763541
5.029300206399438,0.0013042957691430076
5.029956979773465,0.0013041206196439234
5.030613742244553,0.0013039446980306216
5.031270493808542,0.0013037674241820952
5.031927234461276,0.001303589019587877
5.0325839641985874,0.0013034093409686573
5.033240683016314,0.00130322859962381
5.033897390910289,0.0013030465287020086
5.034554087876342,0.0013028632714696413
5.0352107739103005,0.001302678523811539
5.035867449007992,0.0013024924199083368
5.036524113165228,0.0013023049595757782
5.037180766377841,0.0013021159704909699
5.037837408641648,0.0013019254561674849
5.038494039952467,0.0013017335184268058
5.039150660306113,0.0013015398044004846
5.039807269698396,0.001301344562980815
5.0404638681251255,0.001301147598433308
5.04112045558211,0.001300948666873183
5.041777032065153,0.0013007480587118368
5.042433597570056,0.0013005459962674739
5.043090152092621,0.0013003417489790055
5.043746695628642,0.001300135652109919
5.04440322817392,0.0012999276020769358
5.045059749724243,0.001299717519577297
5.0457162602754035,0.0012995053001015385
5.046372759823187,0.001299291041270628
5.047029248363385,0.0012990748177845106
5.0476857258917756,0.0012988564305520434
5.048342192404141,0.001298635595243665
5.048998647896262,0.001298412735928935
5.049655092363906,0.0012981876898842317
5.0503115258028535,0.0012979603091638132
5.050967948208877,0.0012977303897500504
5.051624359577746,0.0012974981280058115
5.052280759905225,0.0012972635189462416
5.052937149187085,0.0012970264216302237
5.053593527419082,0.0012967866679885291
5.05424989459698,0.0012965444071341775
5.054906250716533,0.0012962995160538202
5.055562595773497,0.0012960519240115106
5.0562189297636255,0.0012958017359829827
5.05687525268267,0.0012955491127525061
5.057531564526376,0.0012952937055549407
5.058187865290491,0.001295035432989486
5.058844154970756,0.0012947743427383662
5.059500433562916,0.0012945106055598104
5.060156701062704,0.001294244030491589
5.060747068077317,0.001293974635956616
5.0614033113105235,0.0012937023016215002
5.062059543438347,0.001293427060469725
5.062715764456517,0.0012931486258525849
5.0633719743607575,0.0012928675893386001
5.064028173146794,0.0012925835328123191
5.06468436081035,0.001292296351823007
5.065340537347143,0.0012920061505813354
5.065996702752891,0.0012917130414322577
5.066652857023307,0.001291416816525776
5.067309000154105,0.0012911175909100453
5.067965132140995,0.001290815460860917
5.068621252979683,0.0012905099601922677
5.0692773626658765,0.001290201278479311
5.069933461195275,0.0012898895891062315
5.070589548563581,0.0012895747178193798
5.071245624766494,0.0012892564868901486
5.071901689799707,0.0012889351459970447
5.072557743658915,0.0012886108545697734
5.073213786339805,0.0012882834056458772
5.073869817838072,0.0012879527804676228
5.074525838149396,0.0012876189098446184
5.075181847269464,0.0012872820756935465
5.0758378451939565,0.0012869420511654704
5.076493831918552,0.0012865982732909282
5.077149807438927,0.0012862523905466635
5.077805771750755,0.0012859029040411737
5.07846172484971,0.0012855502803363619
5.0791176667314595,0.001285194600621583
5.07977359739167,0.0012848359592560472
5.080429516826007,0.001284473961895485
5.081085425030134,0.0012841088891817477
5.081741321999708,0.0012837409828035174
5.082397207730387,0.0012833698979419165
5.083053082217827,0.0012829960037208578
5.08370894545768,0.0012826189499028859
5.084364797445597,0.001282238892729388
5.085020638177223,0.0012818558803442204
5.085676467648207,0.001281469830998864
5.08633228585419,0.001281081157640053
5.086988092790811,0.0012806894981805728
5.087643888453711,0.0012802949871524665
5.0882996728385255,0.001279898092967269
5.0889554459408854,0.0012794982746729764
5.089611207756424,0.0012790958171376488
5.090266958280768,0.0012786905756020017
5.090922697509545,0.001278282708792516
5.091578425438378,0.001277872252032024
5.092234142062889,0.0012774591956310924
5.092889847378696,0.0012770436150463076
5.093545541381416,0.0012766257532076976
5.094201224066661,0.0012762053460920928
5.0948568954300475,0.0012757828404972907
5.09551255546718,0.0012753577803230243
5.096168204173667,0.0012749310209036915
5.096823841545114,0.0012745018739944902
5.097479467577122,0.001274070520477894
5.09813508226529,0.00127363721521595
5.0987906856052145,0.001273201893352922
5.099446277592493,0.0012727647808493852
5.100101858222717,0.0012723258578834242
5.1006913963070994,0.0012718851968202907
5.101346952126877,0.0012714427615489908
5.102002496576145,0.0012709987749537105
5.102658029650486,0.0012705532994390569
5.1033135513454795,0.0012701061455109614
5.103969061656703,0.0012696578347713033
5.104624560579735,0.0012692082630896624
5.105280048110147,0.0012687574421625049
5.105935524243504,0.0012683051073827428
5.106590988975381,0.0012678521518101106
5.107246442301344,0.0012673982651811254
5.107901884216952,0.0012669435090315922
5.108557314717767,0.0012664879173998375
5.10921273379935,0.0012660316631646895
5.109868141457254,0.0012655748097762521
5.110523537687033,0.0012651180755765816
5.11117892248424,0.001264660372639562
5.111834295844422,0.0012642023580480264
5.112489657763128,0.001263744260972739
5.113145008235896,0.0012632860037041648
5.113800347258273,0.0012628276867850848
5.114455674825796,0.0012623696767417513
5.115110990934003,0.0012619117976273258
5.115766295578425,0.0012614540720431255
5.116421588754596,0.0012609966396367356
5.117076870458045,0.0012605399985398523
5.1177321406843,0.0012600844456462322
5.118387399428878,0.0012596291358160157
5.119042646687308,0.0012591747520799546
5.119697882455108,0.0012587214100073401
5.120353106727796,0.0012582689379391735
5.121008319500886,0.0012578181314651764
5.12166352076989,0.0012573681862972411
5.122318710530318,0.001256919986837742
5.12297388877768,0.001256472986618904
5.123629055507474,0.0012560276607733018
5.124284210715213,0.0012555841035590315
5.124939354396385,0.0012551424806211966
5.125594486546496,0.0012547025402622214
5.126249607161038,0.0012542646217202002
5.126904716235504,0.001253829272903111
5.127559813765386,0.0012533961787365437
5.128214899746168,0.0012529655922477673
5.12886997417334,0.0012525375396142398
5.129525037042381,0.001252112182685696
5.130180088348774,0.001251689566821128
5.130835128087996,0.0012512698534893636
5.131490156255522,0.001250853157538758
5.132145172846826,0.0012504396798081522
5.132800177857377,0.0012500294735247027
5.1334551712826455,0.0012496225933124926
5.134110153118098,0.001249219254537511
5.134765123359194,0.0012488194140927362
5.1354200820013975,0.0012484234307526046
5.136075029040165,0.0012480316969144018
5.1367299644709545,0.0012476435829277038
5.137384888289217,0.0012472594610387492
5.1380398004904055,0.0012468795621576158
5.138694701069968,0.0012465038562201151
5.13934959002335,0.001246132644144731
5.139938295550348,0.001245765888108939
5.140593159140671,0.001245403601682062
5.141248011090921,0.0012450465106509918
5.14190285139653,0.0012446939365000746
5.142557680052938,0.001244346259698282
5.143212497055568,0.0012440038158861458
5.143867302399857,0.0012436665034146039
5.144522096081228,0.0012433343381106588
5.145176878095104,0.0012430075433999231
5.145831648436898,0.0012426868136949044
5.1464864071020395,0.0012423712252637956
5.147141154085945,0.0012420611314734513
5.147795889384028,0.0012417570307918422
5.148450612991699,0.0012414585254432384
5.14910532490437,0.0012411662671235832
5.149760025117443,0.0012408799151928575
5.150414713626327,0.0012405997091768004
5.151069390426422,0.0012403259646835774
5.151724055513129,0.0012400580093623159
5.15237870888184,0.0012397967056398066
5.153033350527956,0.0012395421371240647
5.153687980446865,0.0012392939393831071
5.154342598633953,0.0012390522873584032
5.154997205084614,0.0012388174519479685
5.155651799794231,0.001238589401113059
5.156306382758182,0.0012383682685170655
5.1569609539718515,0.0012381539838763299
5.157615513430614,0.0012379467681137878
5.158270061129843,0.0012377466267253566
5.158924597064903,0.0012375536146200419
5.159579121231169,0.0012373677131657492
5.160233633624014,0.0012371891566230774
5.1608881342387996,0.0012370181120892523
5.161542623070889,0.0012368543555584803
5.162197100115643,0.00123669799940981
5.162851565368417,0.001236549097273183
5.163506018824567,0.0012364077583431378
5.164160460479445,0.0012362741787901395
5.164814890328399,0.0012361480522484565
5.165469308366781,0.0012360296928979647
5.16612371458993,0.0012359190133350553
5.166778108993195,0.0012358160450274065
5.167432491571909,0.0012357209661985346
5.168086862321415,0.0012356335197398671
5.168741221237045,0.0012355543642438357
5.169395568314126,0.0012354826549175056
5.170049903547987,0.001235418945015622
5.170704226933962,0.0012353629050432004
5.171358538467378,0.0012353150785230802
5.172012838143554,0.001235275184590953
5.1726671259578145,0.0012352431961854757
5.173321401905472,0.001235219192967917
5.173975665981845,0.0012352031653316638
5.174629918182247,0.0012351951679905864
